Workbook

Sheet Sheet1
A1: Freelancer_ID | B1: Name | C1: Gender | D1: Gender | E1: Age | F1: Age | G1: Country | H1: Language | I1: Primary Skill | J1: Years Of Experience | K1: Years Of Experience | L1: Hourly Rate (USD) | M1: Hourly Rate (USD) | N1: Rating | O1: Rating | P1: Is Active | Q1: Client Satisfaction | R1: Client Satisfaction | S1: Client Satisfaction
A2: FL250001 | B2: Nicole Kidd | C2: f | D2: =IF(LEFT(C2,1)="f","Female","Male") -> Female | E2: 52 | F2: =IF(ISBLANK(E2),MEDIAN($E$2:$E$1001),E2) -> 52 | G2: Italy | H2: Italian | I2: Blockchain Development | J2: 11 | K2: =IF(ISBLANK(J2),MEDIAN($J$2:$J$1001),J2) -> 11 | L2: 100 | M2: =IF(ISBLANK(L2),MEDIAN($L$2:$L$1001),L2) -> 100 | O2: =IF(ISBLANK(N2),AVERAGE($N$2:$N$1001),N2) -> 2.5125695 | P2: No | S2: =IF(ISBLANK(R2),AVERAGE($R$2:$R$1001),R2) -> 0.79269417
A3: FL250002 | B3: Vanessa Garcia | C3: FEMALE | D3: =IF(LEFT(C3,1)="f","Female","Male") -> Female | E3: 52 | F3: =IF(ISBLANK(E3),MEDIAN($E$2:$E$1001),E3) -> 52 | G3: Australia | H3: English | I3: Mobile Apps | J3: 34 | K3: =IF(ISBLANK(J3),MEDIAN($J$2:$J$1001),J3) -> 34 | L3: 100 | M3: =IF(ISBLANK(L3),MEDIAN($L$2:$L$1001),L3) -> 100 | N3: 3.3 | O3: =IF(ISBLANK(N3),AVERAGE($N$2:$N$1001),N3) -> 3.3 | P3: Yes | Q3: 0.84 | R3: =Q3 -> 0.84 | S3: =IF(ISBLANK(R3),AVERAGE($R$2:$R$1001),R3) -> 0.84 | T3: =COUNTIF(P2:P1001,"No") -> 554 | U3: no
A4: FL250003 | B4: Juan Nelson | C4: male | D4: =IF(LEFT(C4,1)="f","Female","Male") -> Male | E4: 53 | F4: =IF(ISBLANK(E4),MEDIAN($E$2:$E$1001),E4) -> 53 | G4: Germany | H4: German | I4: Graphic Design | J4: 31 | K4: =IF(ISBLANK(J4),MEDIAN($J$2:$J$1001),J4) -> 31 | L4: 50 | M4: =IF(ISBLANK(L4),MEDIAN($L$2:$L$1001),L4) -> 50 | N4: 0 | O4: =IF(ISBLANK(N4),AVERAGE($N$2:$N$1001),N4) -> 0 | P4: No | Q4: 0.71 | R4: =Q4 -> 0.71 | S4: =IF(ISBLANK(R4),AVERAGE($R$2:$R$1001),R4) -> 0.71 | T4: =COUNTIF(P2:P1001,"Yes") -> 446 | U4: yes
A5: FL250004 | B5: Amanda Spencer | C5: F | D5: =IF(LEFT(C5,1)="f","Female","Male") -> Female | E5: 38 | F5: =IF(ISBLANK(E5),MEDIAN($E$2:$E$1001),E5) -> 38 | G5: Australia | H5: English | I5: Web Development | J5: 4 | K5: =IF(ISBLANK(J5),MEDIAN($J$2:$J$1001),J5) -> 4 | L5: 40 | M5: =IF(ISBLANK(L5),MEDIAN($L$2:$L$1001),L5) -> 40 | N5: 1.5 | O5: =IF(ISBLANK(N5),AVERAGE($N$2:$N$1001),N5) -> 1.5 | P5: No | Q5: 0.9 | R5: =Q5 -> 0.9 | S5: =IF(ISBLANK(R5),AVERAGE($R$2:$R$1001),R5) -> 0.9
A6: FL250005 | B6: Lynn Curtis | C6: female | D6: =IF(LEFT(C6,1)="f","Female","Male") -> Female | E6: 53 | F6: =IF(ISBLANK(E6),MEDIAN($E$2:$E$1001),E6) -> 53 | G6: Germany | H6: German | I6: Web Development | J6: 27 | K6: =IF(ISBLANK(J6),MEDIAN($J$2:$J$1001),J6) -> 27 | L6: 30 | M6: =IF(ISBLANK(L6),MEDIAN($L$2:$L$1001),L6) -> 30 | N6: 4.8 | O6: =IF(ISBLANK(N6),AVERAGE($N$2:$N$1001),N6) -> 4.8 | P6: No | Q6: 0.83 | R6: =Q6 -> 0.83 | S6: =IF(ISBLANK(R6),AVERAGE($R$2:$R$1001),R6) -> 0.83
A7: FL250006 | B7: Lisa Johnson | C7: female | D7: =IF(LEFT(C7,1)="f","Female","Male") -> Female | E7: 59 | F7: =IF(ISBLANK(E7),MEDIAN($E$2:$E$1001),E7) -> 59 | G7: Netherlands | H7: Dutch | I7: AI | J7: 14 | K7: =IF(ISBLANK(J7),MEDIAN($J$2:$J$1001),J7) -> 14 | L7: 30 | M7: =IF(ISBLANK(L7),MEDIAN($L$2:$L$1001),L7) -> 30 | N7: 2.4 | O7: =IF(ISBLANK(N7),AVERAGE($N$2:$N$1001),N7) -> 2.4 | P7: No | S7: =IF(ISBLANK(R7),AVERAGE($R$2:$R$1001),R7) -> 0.79269417
A8: FL250007 | B8: Eric Myers | C8: m | D8: =IF(LEFT(C8,1)="f","Female","Male") -> Male | E8: 52 | F8: =IF(ISBLANK(E8),MEDIAN($E$2:$E$1001),E8) -> 52 | G8: Indonesia | H8: Indonesian | I8: Data Analysis | J8: 10 | K8: =IF(ISBLANK(J8),MEDIAN($J$2:$J$1001),J8) -> 10 | L8: 75 | M8: =IF(ISBLANK(L8),MEDIAN($L$2:$L$1001),L8) -> 75 | N8: 3.1 | O8: =IF(ISBLANK(N8),AVERAGE($N$2:$N$1001),N8) -> 3.1 | P8: No | Q8: 0.94 | R8: =Q8 -> 0.94 | S8: =IF(ISBLANK(R8),AVERAGE($R$2:$R$1001),R8) -> 0.94
A9: FL250008 | B9: Ricky Graham | C9: male | D9: =IF(LEFT(C9,1)="f","Female","Male") -> Male | E9: 43 | F9: =IF(ISBLANK(E9),MEDIAN($E$2:$E$1001),E9) -> 43 | G9: Italy | H9: Italian | I9: Blockchain Development | J9: 14 | K9: =IF(ISBLANK(J9),MEDIAN($J$2:$J$1001),J9) -> 14 | L9: 40 | M9: =IF(ISBLANK(L9),MEDIAN($L$2:$L$1001),L9) -> 40 | N9: 4.6 | O9: =IF(ISBLANK(N9),AVERAGE($N$2:$N$1001),N9) -> 4.6 | P9: No | Q9: 0.94 | R9: =Q9 -> 0.94 | S9: =IF(ISBLANK(R9),AVERAGE($R$2:$R$1001),R9) -> 0.94
A10: FL250009 | B10: Sean Martin | C10: male | D10: =IF(LEFT(C10,1)="f","Female","Male") -> Male | E10: 26 | F10: =IF(ISBLANK(E10),MEDIAN($E$2:$E$1001),E10) -> 26 | G10: United States | H10: English | I10: Blockchain Development | J10: 4 | K10: =IF(ISBLANK(J10),MEDIAN($J$2:$J$1001),J10) -> 4 | M10: =IF(ISBLANK(L10),MEDIAN($L$2:$L$1001),L10) -> 40 | N10: 4 | O10: =IF(ISBLANK(N10),AVERAGE($N$2:$N$1001),N10) -> 4 | P10: Yes | Q10: 0.76 | R10: =Q10 -> 0.76 | S10: =IF(ISBLANK(R10),AVERAGE($R$2:$R$1001),R10) -> 0.76
A11: FL250010 | B11: Matthew Lloyd | C11: MALE | D11: =IF(LEFT(C11,1)="f","Female","Male") -> Male | E11: 52 | F11: =IF(ISBLANK(E11),MEDIAN($E$2:$E$1001),E11) -> 52 | G11: Turkey | H11: Turkish | I11: AI | J11: 22 | K11: =IF(ISBLANK(J11),MEDIAN($J$2:$J$1001),J11) -> 22 | L11: 50 | M11: =IF(ISBLANK(L11),MEDIAN($L$2:$L$1001),L11) -> 50 | O11: =IF(ISBLANK(N11),AVERAGE($N$2:$N$1001),N11) -> 2.5125695 | P11: Yes | S11: =IF(ISBLANK(R11),AVERAGE($R$2:$R$1001),R11) -> 0.79269417
A12: FL250011 | B12: Gavin Randall | C12: m | D12: =IF(LEFT(C12,1)="f","Female","Male") -> Male | E12: 40 | F12: =IF(ISBLANK(E12),MEDIAN($E$2:$E$1001),E12) -> 40 | G12: United Kingdom | H12: English | I12: Data Analysis | J12: 17 | K12: =IF(ISBLANK(J12),MEDIAN($J$2:$J$1001),J12) -> 17 | L12: 40 | M12: =IF(ISBLANK(L12),MEDIAN($L$2:$L$1001),L12) -> 40 | N12: 3.6 | O12: =IF(ISBLANK(N12),AVERAGE($N$2:$N$1001),N12) -> 3.6 | P12: Yes | Q12: 0.77 | R12: =Q12 -> 0.77 | S12: =IF(ISBLANK(R12),AVERAGE($R$2:$R$1001),R12) -> 0.77
A13: FL250012 | B13: Michelle Curtis | C13: FEMALE | D13: =IF(LEFT(C13,1)="f","Female","Male") -> Female | E13: 55 | F13: =IF(ISBLANK(E13),MEDIAN($E$2:$E$1001),E13) -> 55 | G13: Argentina | H13: Spanish | I13: UI/UX Design | J13: 15 | K13: =IF(ISBLANK(J13),MEDIAN($J$2:$J$1001),J13) -> 15 | M13: =IF(ISBLANK(L13),MEDIAN($L$2:$L$1001),L13) -> 40 | O13: =IF(ISBLANK(N13),AVERAGE($N$2:$N$1001),N13) -> 2.5125695 | P13: Yes | Q13: 0.86 | R13: =Q13 -> 0.86 | S13: =IF(ISBLANK(R13),AVERAGE($R$2:$R$1001),R13) -> 0.86
A14: FL250013 | B14: Alice Schneider | C14: Female | D14: =IF(LEFT(C14,1)="f","Female","Male") -> Female | E14: 57 | F14: =IF(ISBLANK(E14),MEDIAN($E$2:$E$1001),E14) -> 57 | G14: United Kingdom | H14: English | I14: Cybersecurity | J14: 18 | K14: =IF(ISBLANK(J14),MEDIAN($J$2:$J$1001),J14) -> 18 | M14: =IF(ISBLANK(L14),MEDIAN($L$2:$L$1001),L14) -> 40 | N14: 2 | O14: =IF(ISBLANK(N14),AVERAGE($N$2:$N$1001),N14) -> 2 | P14: No | Q14: 0.86 | R14: =Q14 -> 0.86 | S14: =IF(ISBLANK(R14),AVERAGE($R$2:$R$1001),R14) -> 0.86
A15: FL250014 | B15: Phillip Shelton | C15: MALE | D15: =IF(LEFT(C15,1)="f","Female","Male") -> Male | E15: 38 | F15: =IF(ISBLANK(E15),MEDIAN($E$2:$E$1001),E15) -> 38 | G15: Argentina | H15: Spanish | I15: Graphic Design | J15: 20 | K15: =IF(ISBLANK(J15),MEDIAN($J$2:$J$1001),J15) -> 20 | L15: 75 | M15: =IF(ISBLANK(L15),MEDIAN($L$2:$L$1001),L15) -> 75 | N15: 2.9 | O15: =IF(ISBLANK(N15),AVERAGE($N$2:$N$1001),N15) -> 2.9 | P15: Yes | Q15: 0.93 | R15: =Q15 -> 0.93 | S15: =IF(ISBLANK(R15),AVERAGE($R$2:$R$1001),R15) -> 0.93
A16: FL250015 | B16: Edward Ferguson | C16: MALE | D16: =IF(LEFT(C16,1)="f","Female","Male") -> Male | E16: 50 | F16: =IF(ISBLANK(E16),MEDIAN($E$2:$E$1001),E16) -> 50 | G16: Germany | H16: German | I16: Data Analysis | J16: 22 | K16: =IF(ISBLANK(J16),MEDIAN($J$2:$J$1001),J16) -> 22 | L16: 75 | M16: =IF(ISBLANK(L16),MEDIAN($L$2:$L$1001),L16) -> 75 | N16: 3.7 | O16: =IF(ISBLANK(N16),AVERAGE($N$2:$N$1001),N16) -> 3.7 | P16: Yes | Q16: 0.7 | R16: =Q16 -> 0.7 | S16: =IF(ISBLANK(R16),AVERAGE($R$2:$R$1001),R16) -> 0.7
A17: FL250016 | B17: Wyatt Stout | C17: m | D17: =IF(LEFT(C17,1)="f","Female","Male") -> Male | E17: 42 | F17: =IF(ISBLANK(E17),MEDIAN($E$2:$E$1001),E17) -> 42 | G17: Japan | H17: Japanese | I17: Data Analysis | J17: 0 | K17: =IF(ISBLANK(J17),MEDIAN($J$2:$J$1001),J17) -> 0 | L17: 30 | M17: =IF(ISBLANK(L17),MEDIAN($L$2:$L$1001),L17) -> 30 | N17: 1.2 | O17: =IF(ISBLANK(N17),AVERAGE($N$2:$N$1001),N17) -> 1.2 | P17: No | Q17: 0.69 | R17: =Q17 -> 0.69 | S17: =IF(ISBLANK(R17),AVERAGE($R$2:$R$1001),R17) -> 0.69
A18: FL250017 | B18: Laura Johnson | C18: Female | D18: =IF(LEFT(C18,1)="f","Female","Male") -> Female | E18: 39 | F18: =IF(ISBLANK(E18),MEDIAN($E$2:$E$1001),E18) -> 39 | G18: Australia | H18: English | I18: DevOps | J18: 13 | K18: =IF(ISBLANK(J18),MEDIAN($J$2:$J$1001),J18) -> 13 | L18: 30 | M18: =IF(ISBLANK(L18),MEDIAN($L$2:$L$1001),L18) -> 30 | N18: 2.5 | O18: =IF(ISBLANK(N18),AVERAGE($N$2:$N$1001),N18) -> 2.5 | P18: No | Q18: 0.6 | R18: =Q18 -> 0.6 | S18: =IF(ISBLANK(R18),AVERAGE($R$2:$R$1001),R18) -> 0.6
A19: FL250018 | B19: Scott Burns | C19: M | D19: =IF(LEFT(C19,1)="f","Female","Male") -> Male | E19: 56 | F19: =IF(ISBLANK(E19),MEDIAN($E$2:$E$1001),E19) -> 56 | G19: India | H19: Hindi | I19: Blockchain Development | K19: =IF(ISBLANK(J19),MEDIAN($J$2:$J$1001),J19) -> 9 | M19: =IF(ISBLANK(L19),MEDIAN($L$2:$L$1001),L19) -> 40 | O19: =IF(ISBLANK(N19),AVERAGE($N$2:$N$1001),N19) -> 2.5125695 | P19: No | Q19: 0.87 | R19: =Q19 -> 0.87 | S19: =IF(ISBLANK(R19),AVERAGE($R$2:$R$1001),R19) -> 0.87
A20: FL250019 | B20: Tyler Aguirre | C20: Male | D20: =IF(LEFT(C20,1)="f","Female","Male") -> Male | E20: 56 | F20: =IF(ISBLANK(E20),MEDIAN($E$2:$E$1001),E20) -> 56 | G20: United States | H20: English | I20: UI/UX Design | J20: 31 | K20: =IF(ISBLANK(J20),MEDIAN($J$2:$J$1001),J20) -> 31 | L20: 50 | M20: =IF(ISBLANK(L20),MEDIAN($L$2:$L$1001),L20) -> 50 | N20: 1.1 | O20: =IF(ISBLANK(N20),AVERAGE($N$2:$N$1001),N20) -> 1.1 | P20: No | Q20: 0.75 | R20: =Q20 -> 0.75 | S20: =IF(ISBLANK(R20),AVERAGE($R$2:$R$1001),R20) -> 0.75
A21: FL250020 | B21: Matthew Lawson | C21: Male | D21: =IF(LEFT(C21,1)="f","Female","Male") -> Male | E21: 57 | F21: =IF(ISBLANK(E21),MEDIAN($E$2:$E$1001),E21) -> 57 | G21: Italy | H21: Italian | I21: Web Development | J21: 3 | K21: =IF(ISBLANK(J21),MEDIAN($J$2:$J$1001),J21) -> 3 | L21: 100 | M21: =IF(ISBLANK(L21),MEDIAN($L$2:$L$1001),L21) -> 100 | N21: 1.8 | O21: =IF(ISBLANK(N21),AVERAGE($N$2:$N$1001),N21) -> 1.8 | P21: Yes | Q21: 0.68 | R21: =Q21 -> 0.68 | S21: =IF(ISBLANK(R21),AVERAGE($R$2:$R$1001),R21) -> 0.68
A22: FL250021 | B22: James Cherry | C22: Male | D22: =IF(LEFT(C22,1)="f","Female","Male") -> Male | F22: =IF(ISBLANK(E22),MEDIAN($E$2:$E$1001),E22) -> 41 | G22: Indonesia | H22: Indonesian | I22: AI | J22: 9 | K22: =IF(ISBLANK(J22),MEDIAN($J$2:$J$1001),J22) -> 9 | L22: 50 | M22: =IF(ISBLANK(L22),MEDIAN($L$2:$L$1001),L22) -> 50 | N22: 1.8 | O22: =IF(ISBLANK(N22),AVERAGE($N$2:$N$1001),N22) -> 1.8 | P22: No | Q22: 0.65 | R22: =Q22 -> 0.65 | S22: =IF(ISBLANK(R22),AVERAGE($R$2:$R$1001),R22) -> 0.65
A23: FL250022 | B23: Samuel Sanford | C23: m | D23: =IF(LEFT(C23,1)="f","Female","Male") -> Male | E23: 51 | F23: =IF(ISBLANK(E23),MEDIAN($E$2:$E$1001),E23) -> 51 | G23: Japan | H23: Japanese | I23: DevOps | K23: =IF(ISBLANK(J23),MEDIAN($J$2:$J$1001),J23) -> 9 | M23: =IF(ISBLANK(L23),MEDIAN($L$2:$L$1001),L23) -> 40 | N23: 2.4 | O23: =IF(ISBLANK(N23),AVERAGE($N$2:$N$1001),N23) -> 2.4 | P23: No | Q23: 0.69 | R23: =Q23 -> 0.69 | S23: =IF(ISBLANK(R23),AVERAGE($R$2:$R$1001),R23) -> 0.69
A24: FL250023 | B24: Cesar Greene | C24: m | D24: =IF(LEFT(C24,1)="f","Female","Male") -> Male | E24: 51 | F24: =IF(ISBLANK(E24),MEDIAN($E$2:$E$1001),E24) -> 51 | G24: Brazil | H24: Portuguese | I24: Cybersecurity | J24: 21 | K24: =IF(ISBLANK(J24),MEDIAN($J$2:$J$1001),J24) -> 21 | L24: 30 | M24: =IF(ISBLANK(L24),MEDIAN($L$2:$L$1001),L24) -> 30 | N24: 4.7 | O24: =IF(ISBLANK(N24),AVERAGE($N$2:$N$1001),N24) -> 4.7 | P24: No | S24: =IF(ISBLANK(R24),AVERAGE($R$2:$R$1001),R24) -> 0.79269417
A25: FL250024 | B25: Melanie Carter | C25: female | D25: =IF(LEFT(C25,1)="f","Female","Male") -> Female | E25: 51 | F25: =IF(ISBLANK(E25),MEDIAN($E$2:$E$1001),E25) -> 51 | G25: South Korea | H25: Korean | I25: Machine Learning | J25: 15 | K25: =IF(ISBLANK(J25),MEDIAN($J$2:$J$1001),J25) -> 15 | L25: 50 | M25: =IF(ISBLANK(L25),MEDIAN($L$2:$L$1001),L25) -> 50 | N25: 1.3 | O25: =IF(ISBLANK(N25),AVERAGE($N$2:$N$1001),N25) -> 1.3 | P25: Yes | Q25: 1 | R25: =Q25 -> 1 | S25: =IF(ISBLANK(R25),AVERAGE($R$2:$R$1001),R25) -> 1
A26: FL250025 | B26: Jennifer Martin | C26: f | D26: =IF(LEFT(C26,1)="f","Female","Male") -> Female | E26: 54 | F26: =IF(ISBLANK(E26),MEDIAN($E$2:$E$1001),E26) -> 54 | G26: Indonesia | H26: Indonesian | I26: Machine Learning | J26: 13 | K26: =IF(ISBLANK(J26),MEDIAN($J$2:$J$1001),J26) -> 13 | L26: 75 | M26: =IF(ISBLANK(L26),MEDIAN($L$2:$L$1001),L26) -> 75 | N26: 2.9 | O26: =IF(ISBLANK(N26),AVERAGE($N$2:$N$1001),N26) -> 2.9 | P26: No | Q26: 92 | R26: 0.92 | S26: =IF(ISBLANK(R26),AVERAGE($R$2:$R$1001),R26) -> 0.92
A27: FL250026 | B27: Anna Mccann | C27: FEMALE | D27: =IF(LEFT(C27,1)="f","Female","Male") -> Female | E27: 22 | F27: =IF(ISBLANK(E27),MEDIAN($E$2:$E$1001),E27) -> 22 | G27: South Korea | H27: Korean | I27: DevOps | J27: 0 | K27: =IF(ISBLANK(J27),MEDIAN($J$2:$J$1001),J27) -> 0 | L27: 30 | M27: =IF(ISBLANK(L27),MEDIAN($L$2:$L$1001),L27) -> 30 | N27: 1.2 | O27: =IF(ISBLANK(N27),AVERAGE($N$2:$N$1001),N27) -> 1.2 | P27: Yes | Q27: 0.7 | R27: =Q27 -> 0.7 | S27: =IF(ISBLANK(R27),AVERAGE($R$2:$R$1001),R27) -> 0.7
A28: FL250027 | B28: Marissa Bass | C28: female | D28: =IF(LEFT(C28,1)="f","Female","Male") -> Female | E28: 34 | F28: =IF(ISBLANK(E28),MEDIAN($E$2:$E$1001),E28) -> 34 | G28: Japan | H28: Japanese | I28: Blockchain Development | J28: 8 | K28: =IF(ISBLANK(J28),MEDIAN($J$2:$J$1001),J28) -> 8 | L28: 20 | M28: =IF(ISBLANK(L28),MEDIAN($L$2:$L$1001),L28) -> 20 | N28: 0 | O28: =IF(ISBLANK(N28),AVERAGE($N$2:$N$1001),N28) -> 0 | P28: Yes | Q28: 0.89 | R28: =Q28 -> 0.89 | S28: =IF(ISBLANK(R28),AVERAGE($R$2:$R$1001),R28) -> 0.89
A29: FL250028 | B29: Alexis Day | C29: Female | D29: =IF(LEFT(C29,1)="f","Female","Male") -> Female | E29: 36 | F29: =IF(ISBLANK(E29),MEDIAN($E$2:$E$1001),E29) -> 36 | G29: Russia | H29: Russian | I29: Graphic Design | J29: 11 | K29: =IF(ISBLANK(J29),MEDIAN($J$2:$J$1001),J29) -> 11 | M29: =IF(ISBLANK(L29),MEDIAN($L$2:$L$1001),L29) -> 40 | N29: 1.8 | O29: =IF(ISBLANK(N29),AVERAGE($N$2:$N$1001),N29) -> 1.8 | P29: Yes | Q29: 0.86 | R29: =Q29 -> 0.86 | S29: =IF(ISBLANK(R29),AVERAGE($R$2:$R$1001),R29) -> 0.86
A30: FL250029 | B30: Megan Jones | C30: female | D30: =IF(LEFT(C30,1)="f","Female","Male") -> Female | E30: 47 | F30: =IF(ISBLANK(E30),MEDIAN($E$2:$E$1001),E30) -> 47 | G30: Canada | H30: English | I30: AI | J30: 22 | K30: =IF(ISBLANK(J30),MEDIAN($J$2:$J$1001),J30) -> 22 | L30: 30 | M30: =IF(ISBLANK(L30),MEDIAN($L$2:$L$1001),L30) -> 30 | N30: 1.3 | O30: =IF(ISBLANK(N30),AVERAGE($N$2:$N$1001),N30) -> 1.3 | P30: No | Q30: 0.62 | R30: =Q30 -> 0.62 | S30: =IF(ISBLANK(R30),AVERAGE($R$2:$R$1001),R30) -> 0.62
A31: FL250030 | B31: Lori Smith | C31: FEMALE | D31: =IF(LEFT(C31,1)="f","Female","Male") -> Female | E31: 41 | F31: =IF(ISBLANK(E31),MEDIAN($E$2:$E$1001),E31) -> 41 | G31: Netherlands | H31: Dutch | I31: Data Analysis | J31: 14 | K31: =IF(ISBLANK(J31),MEDIAN($J$2:$J$1001),J31) -> 14 | L31: 75 | M31: =IF(ISBLANK(L31),MEDIAN($L$2:$L$1001),L31) -> 75 | N31: 1.2 | O31: =IF(ISBLANK(N31),AVERAGE($N$2:$N$1001),N31) -> 1.2 | P31: No | S31: =IF(ISBLANK(R31),AVERAGE($R$2:$R$1001),R31) -> 0.79269417
A32: FL250031 | B32: Eric Carpenter | C32: Male | D32: =IF(LEFT(C32,1)="f","Female","Male") -> Male | E32: 22 | F32: =IF(ISBLANK(E32),MEDIAN($E$2:$E$1001),E32) -> 22 | G32: Netherlands | H32: Dutch | I32: DevOps | J32: 4 | K32: =IF(ISBLANK(J32),MEDIAN($J$2:$J$1001),J32) -> 4 | M32: =IF(ISBLANK(L32),MEDIAN($L$2:$L$1001),L32) -> 40 | N32: 1 | O32: =IF(ISBLANK(N32),AVERAGE($N$2:$N$1001),N32) -> 1 | P32: Yes | S32: =IF(ISBLANK(R32),AVERAGE($R$2:$R$1001),R32) -> 0.79269417
A33: FL250032 | B33: Timothy Daniels | C33: Male | D33: =IF(LEFT(C33,1)="f","Female","Male") -> Male | E33: 38 | F33: =IF(ISBLANK(E33),MEDIAN($E$2:$E$1001),E33) -> 38 | G33: France | H33: French | I33: Machine Learning | J33: 19 | K33: =IF(ISBLANK(J33),MEDIAN($J$2:$J$1001),J33) -> 19 | L33: 100 | M33: =IF(ISBLANK(L33),MEDIAN($L$2:$L$1001),L33) -> 100 | N33: 4.2 | O33: =IF(ISBLANK(N33),AVERAGE($N$2:$N$1001),N33) -> 4.2 | P33: No | Q33: 0.68 | R33: =Q33 -> 0.68 | S33: =IF(ISBLANK(R33),AVERAGE($R$2:$R$1001),R33) -> 0.68
A34: FL250033 | B34: Robert Nelson | C34: M | D34: =IF(LEFT(C34,1)="f","Female","Male") -> Male | E34: 46 | F34: =IF(ISBLANK(E34),MEDIAN($E$2:$E$1001),E34) -> 46 | G34: Egypt | H34: Arabic | I34: AI | J34: 9 | K34: =IF(ISBLANK(J34),MEDIAN($J$2:$J$1001),J34) -> 9 | L34: 20 | M34: =IF(ISBLANK(L34),MEDIAN($L$2:$L$1001),L34) -> 20 | N34: 1.4 | O34: =IF(ISBLANK(N34),AVERAGE($N$2:$N$1001),N34) -> 1.4 | P34: Yes | Q34: 0.76 | R34: =Q34 -> 0.76 | S34: =IF(ISBLANK(R34),AVERAGE($R$2:$R$1001),R34) -> 0.76
A35: FL250034 | B35: Michael Anderson | C35: male | D35: =IF(LEFT(C35,1)="f","Female","Male") -> Male | F35: =IF(ISBLANK(E35),MEDIAN($E$2:$E$1001),E35) -> 41 | G35: South Korea | H35: Korean | I35: AI | J35: 9 | K35: =IF(ISBLANK(J35),MEDIAN($J$2:$J$1001),J35) -> 9 | L35: 40 | M35: =IF(ISBLANK(L35),MEDIAN($L$2:$L$1001),L35) -> 40 | N35: 2.4 | O35: =IF(ISBLANK(N35),AVERAGE($N$2:$N$1001),N35) -> 2.4 | P35: Yes | Q35: 82 | R35: 0.82 | S35: =IF(ISBLANK(R35),AVERAGE($R$2:$R$1001),R35) -> 0.82
A36: FL250035 | B36: Jessica Snyder | C36: FEMALE | D36: =IF(LEFT(C36,1)="f","Female","Male") -> Female | E36: 54 | F36: =IF(ISBLANK(E36),MEDIAN($E$2:$E$1001),E36) -> 54 | G36: United States | H36: English | I36: Web Development | J36: 32 | K36: =IF(ISBLANK(J36),MEDIAN($J$2:$J$1001),J36) -> 32 | L36: 75 | M36: =IF(ISBLANK(L36),MEDIAN($L$2:$L$1001),L36) -> 75 | N36: 1 | O36: =IF(ISBLANK(N36),AVERAGE($N$2:$N$1001),N36) -> 1 | P36: Yes | Q36: 0.81 | R36: =Q36 -> 0.81 | S36: =IF(ISBLANK(R36),AVERAGE($R$2:$R$1001),R36) -> 0.81
A37: FL250036 | B37: Emily Daniels | C37: female | D37: =IF(LEFT(C37,1)="f","Female","Male") -> Female | E37: 52 | F37: =IF(ISBLANK(E37),MEDIAN($E$2:$E$1001),E37) -> 52 | G37: South Korea | H37: Korean | I37: Web Development | J37: 28 | K37: =IF(ISBLANK(J37),MEDIAN($J$2:$J$1001),J37) -> 28 | L37: 20 | M37: =IF(ISBLANK(L37),MEDIAN($L$2:$L$1001),L37) -> 20 | O37: =IF(ISBLANK(N37),AVERAGE($N$2:$N$1001),N37) -> 2.5125695 | P37: No | S37: =IF(ISBLANK(R37),AVERAGE($R$2:$R$1001),R37) -> 0.79269417
A38: FL250037 | B38: Jamie Ramirez | C38: f | D38: =IF(LEFT(C38,1)="f","Female","Male") -> Female | E38: 42 | F38: =IF(ISBLANK(E38),MEDIAN($E$2:$E$1001),E38) -> 42 | G38: Japan | H38: Japanese | I38: Mobile Apps | J38: 6 | K38: =IF(ISBLANK(J38),MEDIAN($J$2:$J$1001),J38) -> 6 | L38: 40 | M38: =IF(ISBLANK(L38),MEDIAN($L$2:$L$1001),L38) -> 40 | O38: =IF(ISBLANK(N38),AVERAGE($N$2:$N$1001),N38) -> 2.5125695 | P38: No | Q38: 0.63 | R38: =Q38 -> 0.63 | S38: =IF(ISBLANK(R38),AVERAGE($R$2:$R$1001),R38) -> 0.63
A39: FL250038 | B39: Amy Harrison | C39: F | D39: =IF(LEFT(C39,1)="f","Female","Male") -> Female | E39: 29 | F39: =IF(ISBLANK(E39),MEDIAN($E$2:$E$1001),E39) -> 29 | G39: Netherlands | H39: Dutch | I39: Graphic Design | J39: 10 | K39: =IF(ISBLANK(J39),MEDIAN($J$2:$J$1001),J39) -> 10 | L39: 40 | M39: =IF(ISBLANK(L39),MEDIAN($L$2:$L$1001),L39) -> 40 | N39: 2.2 | O39: =IF(ISBLANK(N39),AVERAGE($N$2:$N$1001),N39) -> 2.2 | P39: No | Q39: 0.67 | R39: =Q39 -> 0.67 | S39: =IF(ISBLANK(R39),AVERAGE($R$2:$R$1001),R39) -> 0.67
A40: FL250039 | B40: Melinda White | C40: F | D40: =IF(LEFT(C40,1)="f","Female","Male") -> Female | E40: 42 | F40: =IF(ISBLANK(E40),MEDIAN($E$2:$E$1001),E40) -> 42 | G40: South Africa | H40: Afrikaans | I40: Mobile Apps | J40: 23 | K40: =IF(ISBLANK(J40),MEDIAN($J$2:$J$1001),J40) -> 23 | L40: 50 | M40: =IF(ISBLANK(L40),MEDIAN($L$2:$L$1001),L40) -> 50 | N40: 3.2 | O40: =IF(ISBLANK(N40),AVERAGE($N$2:$N$1001),N40) -> 3.2 | P40: Yes | S40: =IF(ISBLANK(R40),AVERAGE($R$2:$R$1001),R40) -> 0.79269417
A41: FL250040 | B41: James Hernandez | C41: Male | D41: =IF(LEFT(C41,1)="f","Female","Male") -> Male | E41: 60 | F41: =IF(ISBLANK(E41),MEDIAN($E$2:$E$1001),E41) -> 60 | G41: Japan | H41: Japanese | I41: Web Development | J41: 13 | K41: =IF(ISBLANK(J41),MEDIAN($J$2:$J$1001),J41) -> 13 | L41: 20 | M41: =IF(ISBLANK(L41),MEDIAN($L$2:$L$1001),L41) -> 20 | N41: 3.6 | O41: =IF(ISBLANK(N41),AVERAGE($N$2:$N$1001),N41) -> 3.6 | P41: No | Q41: 0.8 | R41: =Q41 -> 0.8 | S41: =IF(ISBLANK(R41),AVERAGE($R$2:$R$1001),R41) -> 0.8
A42: FL250041 | B42: Angelica Rogers | C42: Female | D42: =IF(LEFT(C42,1)="f","Female","Male") -> Female | E42: 59 | F42: =IF(ISBLANK(E42),MEDIAN($E$2:$E$1001),E42) -> 59 | G42: United Kingdom | H42: English | I42: AI | J42: 3 | K42: =IF(ISBLANK(J42),MEDIAN($J$2:$J$1001),J42) -> 3 | L42: 50 | M42: =IF(ISBLANK(L42),MEDIAN($L$2:$L$1001),L42) -> 50 | N42: 0 | O42: =IF(ISBLANK(N42),AVERAGE($N$2:$N$1001),N42) -> 0 | P42: No | S42: =IF(ISBLANK(R42),AVERAGE($R$2:$R$1001),R42) -> 0.79269417
A43: FL250042 | B43: Savannah Williams | C43: Female | D43: =IF(LEFT(C43,1)="f","Female","Male") -> Female | E43: 21 | F43: =IF(ISBLANK(E43),MEDIAN($E$2:$E$1001),E43) -> 21 | G43: Canada | H43: English | I43: Web Development | J43: 0 | K43: =IF(ISBLANK(J43),MEDIAN($J$2:$J$1001),J43) -> 0 | L43: 30 | M43: =IF(ISBLANK(L43),MEDIAN($L$2:$L$1001),L43) -> 30 | N43: 2.7 | O43: =IF(ISBLANK(N43),AVERAGE($N$2:$N$1001),N43) -> 2.7 | P43: Yes | Q43: 0.84 | R43: =Q43 -> 0.84 | S43: =IF(ISBLANK(R43),AVERAGE($R$2:$R$1001),R43) -> 0.84
A44: FL250043 | B44: Kaitlyn Schmidt | C44: Female | D44: =IF(LEFT(C44,1)="f","Female","Male") -> Female | E44: 35 | F44: =IF(ISBLANK(E44),MEDIAN($E$2:$E$1001),E44) -> 35 | G44: Germany | H44: German | I44: DevOps | J44: 10 | K44: =IF(ISBLANK(J44),MEDIAN($J$2:$J$1001),J44) -> 10 | L44: 50 | M44: =IF(ISBLANK(L44),MEDIAN($L$2:$L$1001),L44) -> 50 | N44: 0 | O44: =IF(ISBLANK(N44),AVERAGE($N$2:$N$1001),N44) -> 0 | P44: No | S44: =IF(ISBLANK(R44),AVERAGE($R$2:$R$1001),R44) -> 0.79269417
A45: FL250044 | B45: Jason Singh | C45: male | D45: =IF(LEFT(C45,1)="f","Female","Male") -> Male | E45: 41 | F45: =IF(ISBLANK(E45),MEDIAN($E$2:$E$1001),E45) -> 41 | G45: United Kingdom | H45: English | I45: Data Analysis | K45: =IF(ISBLANK(J45),MEDIAN($J$2:$J$1001),J45) -> 9 | L45: 20 | M45: =IF(ISBLANK(L45),MEDIAN($L$2:$L$1001),L45) -> 20 | N45: 2.8 | O45: =IF(ISBLANK(N45),AVERAGE($N$2:$N$1001),N45) -> 2.8 | P45: Yes | Q45: 0.63 | R45: =Q45 -> 0.63 | S45: =IF(ISBLANK(R45),AVERAGE($R$2:$R$1001),R45) -> 0.63
A46: FL250045 | B46: Michelle Ramirez | C46: Female | D46: =IF(LEFT(C46,1)="f","Female","Male") -> Female | E46: 51 | F46: =IF(ISBLANK(E46),MEDIAN($E$2:$E$1001),E46) -> 51 | G46: Netherlands | H46: Dutch | I46: Machine Learning | J46: 23 | K46: =IF(ISBLANK(J46),MEDIAN($J$2:$J$1001),J46) -> 23 | L46: 20 | M46: =IF(ISBLANK(L46),MEDIAN($L$2:$L$1001),L46) -> 20 | N46: 2.5 | O46: =IF(ISBLANK(N46),AVERAGE($N$2:$N$1001),N46) -> 2.5 | P46: No | Q46: 0.8 | R46: =Q46 -> 0.8 | S46: =IF(ISBLANK(R46),AVERAGE($R$2:$R$1001),R46) -> 0.8
A47: FL250046 | B47: James Brown | C47: male | D47: =IF(LEFT(C47,1)="f","Female","Male") -> Male | E47: 41 | F47: =IF(ISBLANK(E47),MEDIAN($E$2:$E$1001),E47) -> 41 | G47: South Africa | H47: Afrikaans | I47: Web Development | J47: 9 | K47: =IF(ISBLANK(J47),MEDIAN($J$2:$J$1001),J47) -> 9 | L47: 75 | M47: =IF(ISBLANK(L47),MEDIAN($L$2:$L$1001),L47) -> 75 | N47: 4.9 | O47: =IF(ISBLANK(N47),AVERAGE($N$2:$N$1001),N47) -> 4.9 | P47: Yes | Q47: 0.74 | R47: =Q47 -> 0.74 | S47: =IF(ISBLANK(R47),AVERAGE($R$2:$R$1001),R47) -> 0.74
A48: FL250047 | B48: Samantha Simmons | C48: Female | D48: =IF(LEFT(C48,1)="f","Female","Male") -> Female | E48: 47 | F48: =IF(ISBLANK(E48),MEDIAN($E$2:$E$1001),E48) -> 47 | G48: Egypt | H48: Arabic | I48: DevOps | J48: 15 | K48: =IF(ISBLANK(J48),MEDIAN($J$2:$J$1001),J48) -> 15 | L48: 30 | M48: =IF(ISBLANK(L48),MEDIAN($L$2:$L$1001),L48) -> 30 | N48: 4.5 | O48: =IF(ISBLANK(N48),AVERAGE($N$2:$N$1001),N48) -> 4.5 | P48: Yes | Q48: 0.85 | R48: =Q48 -> 0.85 | S48: =IF(ISBLANK(R48),AVERAGE($R$2:$R$1001),R48) -> 0.85
A49: FL250048 | B49: Chase Mason | C49: male | D49: =IF(LEFT(C49,1)="f","Female","Male") -> Male | E49: 25 | F49: =IF(ISBLANK(E49),MEDIAN($E$2:$E$1001),E49) -> 25 | G49: China | H49: Mandarin | I49: Graphic Design | J49: 4 | K49: =IF(ISBLANK(J49),MEDIAN($J$2:$J$1001),J49) -> 4 | L49: 50 | M49: =IF(ISBLANK(L49),MEDIAN($L$2:$L$1001),L49) -> 50 | N49: 2.7 | O49: =IF(ISBLANK(N49),AVERAGE($N$2:$N$1001),N49) -> 2.7 | P49: No | Q49: 0.77 | R49: =Q49 -> 0.77 | S49: =IF(ISBLANK(R49),AVERAGE($R$2:$R$1001),R49) -> 0.77
A50: FL250049 | B50: Dominique Ward | C50: F | D50: =IF(LEFT(C50,1)="f","Female","Male") -> Female | E50: 25 | F50: =IF(ISBLANK(E50),MEDIAN($E$2:$E$1001),E50) -> 25 | G50: Mexico | H50: Spanish | I50: Mobile Apps | J50: 7 | K50: =IF(ISBLANK(J50),MEDIAN($J$2:$J$1001),J50) -> 7 | L50: 20 | M50: =IF(ISBLANK(L50),MEDIAN($L$2:$L$1001),L50) -> 20 | N50: 1.9 | O50: =IF(ISBLANK(N50),AVERAGE($N$2:$N$1001),N50) -> 1.9 | P50: No | S50: =IF(ISBLANK(R50),AVERAGE($R$2:$R$1001),R50) -> 0.79269417
A51: FL250050 | B51: Lance Griffin | C51: m | D51: =IF(LEFT(C51,1)="f","Female","Male") -> Male | E51: 29 | F51: =IF(ISBLANK(E51),MEDIAN($E$2:$E$1001),E51) -> 29 | G51: Netherlands | H51: Dutch | I51: UI/UX Design | J51: 1 | K51: =IF(ISBLANK(J51),MEDIAN($J$2:$J$1001),J51) -> 1 | L51: 20 | M51: =IF(ISBLANK(L51),MEDIAN($L$2:$L$1001),L51) -> 20 | N51: 1.4 | O51: =IF(ISBLANK(N51),AVERAGE($N$2:$N$1001),N51) -> 1.4 | P51: Yes | Q51: 0.63 | R51: =Q51 -> 0.63 | S51: =IF(ISBLANK(R51),AVERAGE($R$2:$R$1001),R51) -> 0.63
A52: FL250051 | B52: Julie Burgess | C52: FEMALE | D52: =IF(LEFT(C52,1)="f","Female","Male") -> Female | E52: 23 | F52: =IF(ISBLANK(E52),MEDIAN($E$2:$E$1001),E52) -> 23 | G52: Argentina | H52: Spanish | I52: Cybersecurity | J52: 0 | K52: =IF(ISBLANK(J52),MEDIAN($J$2:$J$1001),J52) -> 0 | L52: 75 | M52: =IF(ISBLANK(L52),MEDIAN($L$2:$L$1001),L52) -> 75 | N52: 1.9 | O52: =IF(ISBLANK(N52),AVERAGE($N$2:$N$1001),N52) -> 1.9 | P52: Yes | Q52: 0.79 | R52: =Q52 -> 0.79 | S52: =IF(ISBLANK(R52),AVERAGE($R$2:$R$1001),R52) -> 0.79
A53: FL250052 | B53: Don Scott | C53: male | D53: =IF(LEFT(C53,1)="f","Female","Male") -> Male | E53: 31 | F53: =IF(ISBLANK(E53),MEDIAN($E$2:$E$1001),E53) -> 31 | G53: France | H53: French | I53: Data Analysis | J53: 8 | K53: =IF(ISBLANK(J53),MEDIAN($J$2:$J$1001),J53) -> 8 | L53: 50 | M53: =IF(ISBLANK(L53),MEDIAN($L$2:$L$1001),L53) -> 50 | N53: 3.4 | O53: =IF(ISBLANK(N53),AVERAGE($N$2:$N$1001),N53) -> 3.4 | P53: No | S53: =IF(ISBLANK(R53),AVERAGE($R$2:$R$1001),R53) -> 0.79269417
A54: FL250053 | B54: Kyle Atkinson | C54: Male | D54: =IF(LEFT(C54,1)="f","Female","Male") -> Male | E54: 51 | F54: =IF(ISBLANK(E54),MEDIAN($E$2:$E$1001),E54) -> 51 | G54: Germany | H54: German | I54: Machine Learning | J54: 33 | K54: =IF(ISBLANK(J54),MEDIAN($J$2:$J$1001),J54) -> 33 | L54: 75 | M54: =IF(ISBLANK(L54),MEDIAN($L$2:$L$1001),L54) -> 75 | N54: 3.3 | O54: =IF(ISBLANK(N54),AVERAGE($N$2:$N$1001),N54) -> 3.3 | P54: No | Q54: 0.68 | R54: =Q54 -> 0.68 | S54: =IF(ISBLANK(R54),AVERAGE($R$2:$R$1001),R54) -> 0.68
A55: FL250054 | B55: Jimmy Hogan | C55: m | D55: =IF(LEFT(C55,1)="f","Female","Male") -> Male | F55: =IF(ISBLANK(E55),MEDIAN($E$2:$E$1001),E55) -> 41 | G55: Spain | H55: Spanish | I55: UI/UX Design | J55: 1 | K55: =IF(ISBLANK(J55),MEDIAN($J$2:$J$1001),J55) -> 1 | L55: 30 | M55: =IF(ISBLANK(L55),MEDIAN($L$2:$L$1001),L55) -> 30 | N55: 0 | O55: =IF(ISBLANK(N55),AVERAGE($N$2:$N$1001),N55) -> 0 | P55: No | Q55: 0.68 | R55: =Q55 -> 0.68 | S55: =IF(ISBLANK(R55),AVERAGE($R$2:$R$1001),R55) -> 0.68
A56: FL250055 | B56: Jennifer Mcintyre | C56: f | D56: =IF(LEFT(C56,1)="f","Female","Male") -> Female | E56: 29 | F56: =IF(ISBLANK(E56),MEDIAN($E$2:$E$1001),E56) -> 29 | G56: Turkey | H56: Turkish | I56: Cybersecurity | J56: 11 | K56: =IF(ISBLANK(J56),MEDIAN($J$2:$J$1001),J56) -> 11 | L56: 100 | M56: =IF(ISBLANK(L56),MEDIAN($L$2:$L$1001),L56) -> 100 | N56: 2.3 | O56: =IF(ISBLANK(N56),AVERAGE($N$2:$N$1001),N56) -> 2.3 | P56: Yes | Q56: 0.72 | R56: =Q56 -> 0.72 | S56: =IF(ISBLANK(R56),AVERAGE($R$2:$R$1001),R56) -> 0.72
A57: FL250056 | B57: Larry Simpson | C57: m | D57: =IF(LEFT(C57,1)="f","Female","Male") -> Male | E57: 50 | F57: =IF(ISBLANK(E57),MEDIAN($E$2:$E$1001),E57) -> 50 | G57: United Kingdom | H57: English | I57: AI | J57: 15 | K57: =IF(ISBLANK(J57),MEDIAN($J$2:$J$1001),J57) -> 15 | M57: =IF(ISBLANK(L57),MEDIAN($L$2:$L$1001),L57) -> 40 | N57: 2 | O57: =IF(ISBLANK(N57),AVERAGE($N$2:$N$1001),N57) -> 2 | P57: Yes | Q57: 0.65 | R57: =Q57 -> 0.65 | S57: =IF(ISBLANK(R57),AVERAGE($R$2:$R$1001),R57) -> 0.65
A58: FL250057 | B58: Laura Price | C58: f | D58: =IF(LEFT(C58,1)="f","Female","Male") -> Female | E58: 26 | F58: =IF(ISBLANK(E58),MEDIAN($E$2:$E$1001),E58) -> 26 | G58: United Kingdom | H58: English | I58: DevOps | J58: 8 | K58: =IF(ISBLANK(J58),MEDIAN($J$2:$J$1001),J58) -> 8 | L58: 50 | M58: =IF(ISBLANK(L58),MEDIAN($L$2:$L$1001),L58) -> 50 | N58: 1.3 | O58: =IF(ISBLANK(N58),AVERAGE($N$2:$N$1001),N58) -> 1.3 | P58: No | Q58: 0.76 | R58: =Q58 -> 0.76 | S58: =IF(ISBLANK(R58),AVERAGE($R$2:$R$1001),R58) -> 0.76
A59: FL250058 | B59: Mark Wright | C59: Male | D59: =IF(LEFT(C59,1)="f","Female","Male") -> Male | E59: 38 | F59: =IF(ISBLANK(E59),MEDIAN($E$2:$E$1001),E59) -> 38 | G59: Canada | H59: English | I59: AI | J59: 17 | K59: =IF(ISBLANK(J59),MEDIAN($J$2:$J$1001),J59) -> 17 | L59: 40 | M59: =IF(ISBLANK(L59),MEDIAN($L$2:$L$1001),L59) -> 40 | N59: 4 | O59: =IF(ISBLANK(N59),AVERAGE($N$2:$N$1001),N59) -> 4 | P59: Yes | Q59: 0.9 | R59: =Q59 -> 0.9 | S59: =IF(ISBLANK(R59),AVERAGE($R$2:$R$1001),R59) -> 0.9
A60: FL250059 | B60: Samantha Mcdaniel | C60: FEMALE | D60: =IF(LEFT(C60,1)="f","Female","Male") -> Female | E60: 23 | F60: =IF(ISBLANK(E60),MEDIAN($E$2:$E$1001),E60) -> 23 | G60: India | H60: Hindi | I60: Mobile Apps | K60: =IF(ISBLANK(J60),MEDIAN($J$2:$J$1001),J60) -> 9 | L60: 75 | M60: =IF(ISBLANK(L60),MEDIAN($L$2:$L$1001),L60) -> 75 | N60: 3.6 | O60: =IF(ISBLANK(N60),AVERAGE($N$2:$N$1001),N60) -> 3.6 | P60: Yes | Q60: 0.65 | R60: =Q60 -> 0.65 | S60: =IF(ISBLANK(R60),AVERAGE($R$2:$R$1001),R60) -> 0.65
A61: FL250060 | B61: Barbara Foster | C61: Female | D61: =IF(LEFT(C61,1)="f","Female","Male") -> Female | E61: 51 | F61: =IF(ISBLANK(E61),MEDIAN($E$2:$E$1001),E61) -> 51 | G61: South Africa | H61: Afrikaans | I61: DevOps | J61: 28 | K61: =IF(ISBLANK(J61),MEDIAN($J$2:$J$1001),J61) -> 28 | L61: 40 | M61: =IF(ISBLANK(L61),MEDIAN($L$2:$L$1001),L61) -> 40 | N61: 3.9 | O61: =IF(ISBLANK(N61),AVERAGE($N$2:$N$1001),N61) -> 3.9 | P61: No | Q61: 0.63 | R61: =Q61 -> 0.63 | S61: =IF(ISBLANK(R61),AVERAGE($R$2:$R$1001),R61) -> 0.63
A62: FL250061 | B62: Courtney Tran | C62: F | D62: =IF(LEFT(C62,1)="f","Female","Male") -> Female | E62: 51 | F62: =IF(ISBLANK(E62),MEDIAN($E$2:$E$1001),E62) -> 51 | G62: Indonesia | H62: Indonesian | I62: AI | J62: 33 | K62: =IF(ISBLANK(J62),MEDIAN($J$2:$J$1001),J62) -> 33 | L62: 75 | M62: =IF(ISBLANK(L62),MEDIAN($L$2:$L$1001),L62) -> 75 | N62: 0 | O62: =IF(ISBLANK(N62),AVERAGE($N$2:$N$1001),N62) -> 0 | P62: Yes | S62: =IF(ISBLANK(R62),AVERAGE($R$2:$R$1001),R62) -> 0.79269417
A63: FL250062 | B63: Eddie Todd | C63: Male | D63: =IF(LEFT(C63,1)="f","Female","Male") -> Male | E63: 47 | F63: =IF(ISBLANK(E63),MEDIAN($E$2:$E$1001),E63) -> 47 | G63: Germany | H63: German | I63: AI | J63: 18 | K63: =IF(ISBLANK(J63),MEDIAN($J$2:$J$1001),J63) -> 18 | L63: 75 | M63: =IF(ISBLANK(L63),MEDIAN($L$2:$L$1001),L63) -> 75 | N63: 0 | O63: =IF(ISBLANK(N63),AVERAGE($N$2:$N$1001),N63) -> 0 | P63: No | S63: =IF(ISBLANK(R63),AVERAGE($R$2:$R$1001),R63) -> 0.79269417
A64: FL250063 | B64: Christine Johnson | C64: Female | D64: =IF(LEFT(C64,1)="f","Female","Male") -> Female | E64: 34 | F64: =IF(ISBLANK(E64),MEDIAN($E$2:$E$1001),E64) -> 34 | G64: Russia | H64: Russian | I64: UI/UX Design | J64: 16 | K64: =IF(ISBLANK(J64),MEDIAN($J$2:$J$1001),J64) -> 16 | L64: 20 | M64: =IF(ISBLANK(L64),MEDIAN($L$2:$L$1001),L64) -> 20 | N64: 2.3 | O64: =IF(ISBLANK(N64),AVERAGE($N$2:$N$1001),N64) -> 2.3 | P64: Yes | Q64: 0.93 | R64: =Q64 -> 0.93 | S64: =IF(ISBLANK(R64),AVERAGE($R$2:$R$1001),R64) -> 0.93
A65: FL250064 | B65: Leah Phelps | C65: f | D65: =IF(LEFT(C65,1)="f","Female","Male") -> Female | E65: 58 | F65: =IF(ISBLANK(E65),MEDIAN($E$2:$E$1001),E65) -> 58 | G65: Indonesia | H65: Indonesian | I65: Data Analysis | J65: 35 | K65: =IF(ISBLANK(J65),MEDIAN($J$2:$J$1001),J65) -> 35 | L65: 50 | M65: =IF(ISBLANK(L65),MEDIAN($L$2:$L$1001),L65) -> 50 | N65: 4.7 | O65: =IF(ISBLANK(N65),AVERAGE($N$2:$N$1001),N65) -> 4.7 | P65: No | Q65: 0.7 | R65: =Q65 -> 0.7 | S65: =IF(ISBLANK(R65),AVERAGE($R$2:$R$1001),R65) -> 0.7
A66: FL250065 | B66: Rebekah Williams | C66: F | D66: =IF(LEFT(C66,1)="f","Female","Male") -> Female | E66: 50 | F66: =IF(ISBLANK(E66),MEDIAN($E$2:$E$1001),E66) -> 50 | G66: Russia | H66: Russian | I66: AI | J66: 14 | K66: =IF(ISBLANK(J66),MEDIAN($J$2:$J$1001),J66) -> 14 | M66: =IF(ISBLANK(L66),MEDIAN($L$2:$L$1001),L66) -> 40 | N66: 3.5 | O66: =IF(ISBLANK(N66),AVERAGE($N$2:$N$1001),N66) -> 3.5 | P66: Yes | Q66: 0.83 | R66: =Q66 -> 0.83 | S66: =IF(ISBLANK(R66),AVERAGE($R$2:$R$1001),R66) -> 0.83
A67: FL250066 | B67: Crystal Wilson | C67: FEMALE | D67: =IF(LEFT(C67,1)="f","Female","Male") -> Female | E67: 34 | F67: =IF(ISBLANK(E67),MEDIAN($E$2:$E$1001),E67) -> 34 | G67: Spain | H67: Spanish | I67: Web Development | J67: 12 | K67: =IF(ISBLANK(J67),MEDIAN($J$2:$J$1001),J67) -> 12 | L67: 40 | M67: =IF(ISBLANK(L67),MEDIAN($L$2:$L$1001),L67) -> 40 | N67: 2.4 | O67: =IF(ISBLANK(N67),AVERAGE($N$2:$N$1001),N67) -> 2.4 | P67: Yes | Q67: 64 | R67: 0.64 | S67: =IF(ISBLANK(R67),AVERAGE($R$2:$R$1001),R67) -> 0.64
A68: FL250067 | B68: Ashley Cordova | C68: Female | D68: =IF(LEFT(C68,1)="f","Female","Male") -> Female | E68: 45 | F68: =IF(ISBLANK(E68),MEDIAN($E$2:$E$1001),E68) -> 45 | G68: Brazil | H68: Portuguese | I68: AI | J68: 11 | K68: =IF(ISBLANK(J68),MEDIAN($J$2:$J$1001),J68) -> 11 | L68: 75 | M68: =IF(ISBLANK(L68),MEDIAN($L$2:$L$1001),L68) -> 75 | N68: 4 | O68: =IF(ISBLANK(N68),AVERAGE($N$2:$N$1001),N68) -> 4 | P68: No | Q68: 1 | R68: =Q68 -> 1 | S68: =IF(ISBLANK(R68),AVERAGE($R$2:$R$1001),R68) -> 1
A69: FL250068 | B69: Vicki Kelly | C69: FEMALE | D69: =IF(LEFT(C69,1)="f","Female","Male") -> Female | E69: 55 | F69: =IF(ISBLANK(E69),MEDIAN($E$2:$E$1001),E69) -> 55 | G69: Brazil | H69: Portuguese | I69: Web Development | J69: 0 | K69: =IF(ISBLANK(J69),MEDIAN($J$2:$J$1001),J69) -> 0 | L69: 40 | M69: =IF(ISBLANK(L69),MEDIAN($L$2:$L$1001),L69) -> 40 | N69: 0 | O69: =IF(ISBLANK(N69),AVERAGE($N$2:$N$1001),N69) -> 0 | P69: Yes | S69: =IF(ISBLANK(R69),AVERAGE($R$2:$R$1001),R69) -> 0.79269417
A70: FL250069 | B70: Corey Warren | C70: m | D70: =IF(LEFT(C70,1)="f","Female","Male") -> Male | F70: =IF(ISBLANK(E70),MEDIAN($E$2:$E$1001),E70) -> 41 | G70: Argentina | H70: Spanish | I70: UI/UX Design | J70: 6 | K70: =IF(ISBLANK(J70),MEDIAN($J$2:$J$1001),J70) -> 6 | L70: 100 | M70: =IF(ISBLANK(L70),MEDIAN($L$2:$L$1001),L70) -> 100 | N70: 1.5 | O70: =IF(ISBLANK(N70),AVERAGE($N$2:$N$1001),N70) -> 1.5 | P70: No | S70: =IF(ISBLANK(R70),AVERAGE($R$2:$R$1001),R70) -> 0.79269417
A71: FL250070 | B71: Gina Thompson | C71: FEMALE | D71: =IF(LEFT(C71,1)="f","Female","Male") -> Female | E71: 60 | F71: =IF(ISBLANK(E71),MEDIAN($E$2:$E$1001),E71) -> 60 | G71: China | H71: Mandarin | I71: UI/UX Design | J71: 38 | K71: =IF(ISBLANK(J71),MEDIAN($J$2:$J$1001),J71) -> 38 | L71: 20 | M71: =IF(ISBLANK(L71),MEDIAN($L$2:$L$1001),L71) -> 20 | N71: 2 | O71: =IF(ISBLANK(N71),AVERAGE($N$2:$N$1001),N71) -> 2 | P71: No | Q71: 0.71 | R71: =Q71 -> 0.71 | S71: =IF(ISBLANK(R71),AVERAGE($R$2:$R$1001),R71) -> 0.71
A72: FL250071 | B72: Yvonne Berg | C72: f | D72: =IF(LEFT(C72,1)="f","Female","Male") -> Female | E72: 33 | F72: =IF(ISBLANK(E72),MEDIAN($E$2:$E$1001),E72) -> 33 | G72: South Africa | H72: Afrikaans | I72: Mobile Apps | J72: 11 | K72: =IF(ISBLANK(J72),MEDIAN($J$2:$J$1001),J72) -> 11 | M72: =IF(ISBLANK(L72),MEDIAN($L$2:$L$1001),L72) -> 40 | O72: =IF(ISBLANK(N72),AVERAGE($N$2:$N$1001),N72) -> 2.5125695 | P72: Yes | Q72: 0.84 | R72: =Q72 -> 0.84 | S72: =IF(ISBLANK(R72),AVERAGE($R$2:$R$1001),R72) -> 0.84
A73: FL250072 | B73: Thomas Miller | C73: M | D73: =IF(LEFT(C73,1)="f","Female","Male") -> Male | E73: 60 | F73: =IF(ISBLANK(E73),MEDIAN($E$2:$E$1001),E73) -> 60 | G73: Italy | H73: Italian | I73: DevOps | J73: 13 | K73: =IF(ISBLANK(J73),MEDIAN($J$2:$J$1001),J73) -> 13 | L73: 50 | M73: =IF(ISBLANK(L73),MEDIAN($L$2:$L$1001),L73) -> 50 | N73: 1 | O73: =IF(ISBLANK(N73),AVERAGE($N$2:$N$1001),N73) -> 1 | P73: No | S73: =IF(ISBLANK(R73),AVERAGE($R$2:$R$1001),R73) -> 0.79269417
A74: FL250073 | B74: Nicholas Burton | C74: MALE | D74: =IF(LEFT(C74,1)="f","Female","Male") -> Male | E74: 40 | F74: =IF(ISBLANK(E74),MEDIAN($E$2:$E$1001),E74) -> 40 | G74: United States | H74: English | I74: Web Development | J74: 9 | K74: =IF(ISBLANK(J74),MEDIAN($J$2:$J$1001),J74) -> 9 | L74: 100 | M74: =IF(ISBLANK(L74),MEDIAN($L$2:$L$1001),L74) -> 100 | N74: 4.5 | O74: =IF(ISBLANK(N74),AVERAGE($N$2:$N$1001),N74) -> 4.5 | P74: Yes | Q74: 0.69 | R74: =Q74 -> 0.69 | S74: =IF(ISBLANK(R74),AVERAGE($R$2:$R$1001),R74) -> 0.69
A75: FL250074 | B75: Jorge Riley | C75: Male | D75: =IF(LEFT(C75,1)="f","Female","Male") -> Male | E75: 59 | F75: =IF(ISBLANK(E75),MEDIAN($E$2:$E$1001),E75) -> 59 | G75: Australia | H75: English | I75: Blockchain Development | J75: 4 | K75: =IF(ISBLANK(J75),MEDIAN($J$2:$J$1001),J75) -> 4 | M75: =IF(ISBLANK(L75),MEDIAN($L$2:$L$1001),L75) -> 40 | N75: 1.9 | O75: =IF(ISBLANK(N75),AVERAGE($N$2:$N$1001),N75) -> 1.9 | P75: No | Q75: 88 | R75: 0.88 | S75: =IF(ISBLANK(R75),AVERAGE($R$2:$R$1001),R75) -> 0.88
A76: FL250075 | B76: Melvin Harris | C76: M | D76: =IF(LEFT(C76,1)="f","Female","Male") -> Male | E76: 36 | F76: =IF(ISBLANK(E76),MEDIAN($E$2:$E$1001),E76) -> 36 | G76: Italy | H76: Italian | I76: Machine Learning | J76: 14 | K76: =IF(ISBLANK(J76),MEDIAN($J$2:$J$1001),J76) -> 14 | L76: 100 | M76: =IF(ISBLANK(L76),MEDIAN($L$2:$L$1001),L76) -> 100 | N76: 3.7 | O76: =IF(ISBLANK(N76),AVERAGE($N$2:$N$1001),N76) -> 3.7 | P76: No | S76: =IF(ISBLANK(R76),AVERAGE($R$2:$R$1001),R76) -> 0.79269417
A77: FL250076 | B77: Jeremy Meyer | C77: Male | D77: =IF(LEFT(C77,1)="f","Female","Male") -> Male | E77: 32 | F77: =IF(ISBLANK(E77),MEDIAN($E$2:$E$1001),E77) -> 32 | G77: India | H77: Hindi | I77: Data Analysis | K77: =IF(ISBLANK(J77),MEDIAN($J$2:$J$1001),J77) -> 9 | L77: 30 | M77: =IF(ISBLANK(L77),MEDIAN($L$2:$L$1001),L77) -> 30 | N77: 1.9 | O77: =IF(ISBLANK(N77),AVERAGE($N$2:$N$1001),N77) -> 1.9 | P77: Yes | Q77: 0.96 | R77: =Q77 -> 0.96 | S77: =IF(ISBLANK(R77),AVERAGE($R$2:$R$1001),R77) -> 0.96
A78: FL250077 | B78: Timothy Lee | C78: male | D78: =IF(LEFT(C78,1)="f","Female","Male") -> Male | E78: 59 | F78: =IF(ISBLANK(E78),MEDIAN($E$2:$E$1001),E78) -> 59 | G78: Australia | H78: English | I78: AI | J78: 9 | K78: =IF(ISBLANK(J78),MEDIAN($J$2:$J$1001),J78) -> 9 | L78: 75 | M78: =IF(ISBLANK(L78),MEDIAN($L$2:$L$1001),L78) -> 75 | N78: 4 | O78: =IF(ISBLANK(N78),AVERAGE($N$2:$N$1001),N78) -> 4 | P78: Yes | Q78: 96 | R78: 0.96 | S78: =IF(ISBLANK(R78),AVERAGE($R$2:$R$1001),R78) -> 0.96
A79: FL250078 | B79: Diana Bautista | C79: F | D79: =IF(LEFT(C79,1)="f","Female","Male") -> Female | E79: 54 | F79: =IF(ISBLANK(E79),MEDIAN($E$2:$E$1001),E79) -> 54 | G79: Spain | H79: Spanish | I79: DevOps | J79: 32 | K79: =IF(ISBLANK(J79),MEDIAN($J$2:$J$1001),J79) -> 32 | L79: 40 | M79: =IF(ISBLANK(L79),MEDIAN($L$2:$L$1001),L79) -> 40 | N79: 1.8 | O79: =IF(ISBLANK(N79),AVERAGE($N$2:$N$1001),N79) -> 1.8 | P79: No | S79: =IF(ISBLANK(R79),AVERAGE($R$2:$R$1001),R79) -> 0.79269417
A80: FL250079 | B80: Leslie Rodriguez | C80: f | D80: =IF(LEFT(C80,1)="f","Female","Male") -> Female | E80: 37 | F80: =IF(ISBLANK(E80),MEDIAN($E$2:$E$1001),E80) -> 37 | G80: Canada | H80: English | I80: Graphic Design | J80: 9 | K80: =IF(ISBLANK(J80),MEDIAN($J$2:$J$1001),J80) -> 9 | M80: =IF(ISBLANK(L80),MEDIAN($L$2:$L$1001),L80) -> 40 | N80: 0 | O80: =IF(ISBLANK(N80),AVERAGE($N$2:$N$1001),N80) -> 0 | P80: Yes | Q80: 0.89 | R80: =Q80 -> 0.89 | S80: =IF(ISBLANK(R80),AVERAGE($R$2:$R$1001),R80) -> 0.89
A81: FL250080 | B81: Noah Wiggins | C81: MALE | D81: =IF(LEFT(C81,1)="f","Female","Male") -> Male | E81: 54 | F81: =IF(ISBLANK(E81),MEDIAN($E$2:$E$1001),E81) -> 54 | G81: India | H81: Hindi | I81: Machine Learning | J81: 21 | K81: =IF(ISBLANK(J81),MEDIAN($J$2:$J$1001),J81) -> 21 | L81: 100 | M81: =IF(ISBLANK(L81),MEDIAN($L$2:$L$1001),L81) -> 100 | N81: 4.6 | O81: =IF(ISBLANK(N81),AVERAGE($N$2:$N$1001),N81) -> 4.6 | P81: No | S81: =IF(ISBLANK(R81),AVERAGE($R$2:$R$1001),R81) -> 0.79269417
A82: FL250081 | B82: Bridget Williams | C82: Female | D82: =IF(LEFT(C82,1)="f","Female","Male") -> Female | E82: 33 | F82: =IF(ISBLANK(E82),MEDIAN($E$2:$E$1001),E82) -> 33 | G82: Argentina | H82: Spanish | I82: UI/UX Design | J82: 12 | K82: =IF(ISBLANK(J82),MEDIAN($J$2:$J$1001),J82) -> 12 | L82: 100 | M82: =IF(ISBLANK(L82),MEDIAN($L$2:$L$1001),L82) -> 100 | N82: 3.6 | O82: =IF(ISBLANK(N82),AVERAGE($N$2:$N$1001),N82) -> 3.6 | P82: No | Q82: 0.63 | R82: =Q82 -> 0.63 | S82: =IF(ISBLANK(R82),AVERAGE($R$2:$R$1001),R82) -> 0.63
A83: FL250082 | B83: Veronica Baker | C83: f | D83: =IF(LEFT(C83,1)="f","Female","Male") -> Female | E83: 25 | F83: =IF(ISBLANK(E83),MEDIAN($E$2:$E$1001),E83) -> 25 | G83: Egypt | H83: Arabic | I83: Web Development | J83: 7 | K83: =IF(ISBLANK(J83),MEDIAN($J$2:$J$1001),J83) -> 7 | L83: 40 | M83: =IF(ISBLANK(L83),MEDIAN($L$2:$L$1001),L83) -> 40 | N83: 4.4 | O83: =IF(ISBLANK(N83),AVERAGE($N$2:$N$1001),N83) -> 4.4 | P83: No | Q83: 81 | R83: 0.81 | S83: =IF(ISBLANK(R83),AVERAGE($R$2:$R$1001),R83) -> 0.81
A84: FL250083 | B84: Andrew Avila | C84: Male | D84: =IF(LEFT(C84,1)="f","Female","Male") -> Male | F84: =IF(ISBLANK(E84),MEDIAN($E$2:$E$1001),E84) -> 41 | G84: China | H84: Mandarin | I84: DevOps | J84: 3 | K84: =IF(ISBLANK(J84),MEDIAN($J$2:$J$1001),J84) -> 3 | L84: 40 | M84: =IF(ISBLANK(L84),MEDIAN($L$2:$L$1001),L84) -> 40 | N84: 4.6 | O84: =IF(ISBLANK(N84),AVERAGE($N$2:$N$1001),N84) -> 4.6 | P84: No | Q84: 0.74 | R84: =Q84 -> 0.74 | S84: =IF(ISBLANK(R84),AVERAGE($R$2:$R$1001),R84) -> 0.74
A85: FL250084 | B85: Michael Roberson | C85: male | D85: =IF(LEFT(C85,1)="f","Female","Male") -> Male | E85: 35 | F85: =IF(ISBLANK(E85),MEDIAN($E$2:$E$1001),E85) -> 35 | G85: South Korea | H85: Korean | I85: Web Development | J85: 5 | K85: =IF(ISBLANK(J85),MEDIAN($J$2:$J$1001),J85) -> 5 | L85: 75 | M85: =IF(ISBLANK(L85),MEDIAN($L$2:$L$1001),L85) -> 75 | N85: 3.2 | O85: =IF(ISBLANK(N85),AVERAGE($N$2:$N$1001),N85) -> 3.2 | P85: No | Q85: 0.72 | R85: =Q85 -> 0.72 | S85: =IF(ISBLANK(R85),AVERAGE($R$2:$R$1001),R85) -> 0.72
A86: FL250085 | B86: Austin Jenkins | C86: Male | D86: =IF(LEFT(C86,1)="f","Female","Male") -> Male | E86: 59 | F86: =IF(ISBLANK(E86),MEDIAN($E$2:$E$1001),E86) -> 59 | G86: South Korea | H86: Korean | I86: AI | J86: 30 | K86: =IF(ISBLANK(J86),MEDIAN($J$2:$J$1001),J86) -> 30 | L86: 40 | M86: =IF(ISBLANK(L86),MEDIAN($L$2:$L$1001),L86) -> 40 | N86: 0 | O86: =IF(ISBLANK(N86),AVERAGE($N$2:$N$1001),N86) -> 0 | P86: Yes | S86: =IF(ISBLANK(R86),AVERAGE($R$2:$R$1001),R86) -> 0.79269417
A87: FL250086 | B87: Brenda Green | C87: female | D87: =IF(LEFT(C87,1)="f","Female","Male") -> Female | E87: 21 | F87: =IF(ISBLANK(E87),MEDIAN($E$2:$E$1001),E87) -> 21 | G87: China | H87: Mandarin | I87: DevOps | J87: 2 | K87: =IF(ISBLANK(J87),MEDIAN($J$2:$J$1001),J87) -> 2 | L87: 100 | M87: =IF(ISBLANK(L87),MEDIAN($L$2:$L$1001),L87) -> 100 | N87: 2.6 | O87: =IF(ISBLANK(N87),AVERAGE($N$2:$N$1001),N87) -> 2.6 | P87: Yes | Q87: 0.85 | R87: =Q87 -> 0.85 | S87: =IF(ISBLANK(R87),AVERAGE($R$2:$R$1001),R87) -> 0.85
A88: FL250087 | B88: Samuel Pierce | C88: M | D88: =IF(LEFT(C88,1)="f","Female","Male") -> Male | E88: 25 | F88: =IF(ISBLANK(E88),MEDIAN($E$2:$E$1001),E88) -> 25 | G88: United States | H88: English | I88: Mobile Apps | J88: 2 | K88: =IF(ISBLANK(J88),MEDIAN($J$2:$J$1001),J88) -> 2 | L88: 75 | M88: =IF(ISBLANK(L88),MEDIAN($L$2:$L$1001),L88) -> 75 | N88: 3.7 | O88: =IF(ISBLANK(N88),AVERAGE($N$2:$N$1001),N88) -> 3.7 | P88: No | S88: =IF(ISBLANK(R88),AVERAGE($R$2:$R$1001),R88) -> 0.79269417
A89: FL250088 | B89: Briana Smith | C89: f | D89: =IF(LEFT(C89,1)="f","Female","Male") -> Female | E89: 38 | F89: =IF(ISBLANK(E89),MEDIAN($E$2:$E$1001),E89) -> 38 | G89: Mexico | H89: Spanish | I89: Web Development | J89: 19 | K89: =IF(ISBLANK(J89),MEDIAN($J$2:$J$1001),J89) -> 19 | L89: 75 | M89: =IF(ISBLANK(L89),MEDIAN($L$2:$L$1001),L89) -> 75 | N89: 2.3 | O89: =IF(ISBLANK(N89),AVERAGE($N$2:$N$1001),N89) -> 2.3 | P89: No | Q89: 0.61 | R89: =Q89 -> 0.61 | S89: =IF(ISBLANK(R89),AVERAGE($R$2:$R$1001),R89) -> 0.61
A90: FL250089 | B90: Ronald Barrett | C90: Male | D90: =IF(LEFT(C90,1)="f","Female","Male") -> Male | E90: 57 | F90: =IF(ISBLANK(E90),MEDIAN($E$2:$E$1001),E90) -> 57 | G90: Russia | H90: Russian | I90: AI | J90: 16 | K90: =IF(ISBLANK(J90),MEDIAN($J$2:$J$1001),J90) -> 16 | L90: 100 | M90: =IF(ISBLANK(L90),MEDIAN($L$2:$L$1001),L90) -> 100 | N90: 3.1 | O90: =IF(ISBLANK(N90),AVERAGE($N$2:$N$1001),N90) -> 3.1 | P90: No | S90: =IF(ISBLANK(R90),AVERAGE($R$2:$R$1001),R90) -> 0.79269417
A91: FL250090 | B91: Matthew Smith | C91: m | D91: =IF(LEFT(C91,1)="f","Female","Male") -> Male | E91: 32 | F91: =IF(ISBLANK(E91),MEDIAN($E$2:$E$1001),E91) -> 32 | G91: India | H91: Hindi | I91: Mobile Apps | J91: 10 | K91: =IF(ISBLANK(J91),MEDIAN($J$2:$J$1001),J91) -> 10 | L91: 20 | M91: =IF(ISBLANK(L91),MEDIAN($L$2:$L$1001),L91) -> 20 | N91: 2.4 | O91: =IF(ISBLANK(N91),AVERAGE($N$2:$N$1001),N91) -> 2.4 | P91: No | Q91: 0.86 | R91: =Q91 -> 0.86 | S91: =IF(ISBLANK(R91),AVERAGE($R$2:$R$1001),R91) -> 0.86
A92: FL250091 | B92: Logan Huang | C92: male | D92: =IF(LEFT(C92,1)="f","Female","Male") -> Male | E92: 21 | F92: =IF(ISBLANK(E92),MEDIAN($E$2:$E$1001),E92) -> 21 | G92: Italy | H92: Italian | I92: DevOps | J92: 2 | K92: =IF(ISBLANK(J92),MEDIAN($J$2:$J$1001),J92) -> 2 | L92: 100 | M92: =IF(ISBLANK(L92),MEDIAN($L$2:$L$1001),L92) -> 100 | N92: 1.6 | O92: =IF(ISBLANK(N92),AVERAGE($N$2:$N$1001),N92) -> 1.6 | P92: Yes | Q92: 0.97 | R92: =Q92 -> 0.97 | S92: =IF(ISBLANK(R92),AVERAGE($R$2:$R$1001),R92) -> 0.97
A93: FL250092 | B93: Miranda Hutchinson | C93: Female | D93: =IF(LEFT(C93,1)="f","Female","Male") -> Female | E93: 57 | F93: =IF(ISBLANK(E93),MEDIAN($E$2:$E$1001),E93) -> 57 | G93: Canada | H93: English | I93: Cybersecurity | J93: 18 | K93: =IF(ISBLANK(J93),MEDIAN($J$2:$J$1001),J93) -> 18 | L93: 50 | M93: =IF(ISBLANK(L93),MEDIAN($L$2:$L$1001),L93) -> 50 | N93: 2.4 | O93: =IF(ISBLANK(N93),AVERAGE($N$2:$N$1001),N93) -> 2.4 | P93: Yes | Q93: 0.63 | R93: =Q93 -> 0.63 | S93: =IF(ISBLANK(R93),AVERAGE($R$2:$R$1001),R93) -> 0.63
A94: FL250093 | B94: Paul Richardson | C94: male | D94: =IF(LEFT(C94,1)="f","Female","Male") -> Male | E94: 53 | F94: =IF(ISBLANK(E94),MEDIAN($E$2:$E$1001),E94) -> 53 | G94: China | H94: Mandarin | I94: UI/UX Design | J94: 21 | K94: =IF(ISBLANK(J94),MEDIAN($J$2:$J$1001),J94) -> 21 | L94: 100 | M94: =IF(ISBLANK(L94),MEDIAN($L$2:$L$1001),L94) -> 100 | O94: =IF(ISBLANK(N94),AVERAGE($N$2:$N$1001),N94) -> 2.5125695 | P94: Yes | Q94: 0.97 | R94: =Q94 -> 0.97 | S94: =IF(ISBLANK(R94),AVERAGE($R$2:$R$1001),R94) -> 0.97
A95: FL250094 | B95: Jose Jones | C95: M | D95: =IF(LEFT(C95,1)="f","Female","Male") -> Male | E95: 35 | F95: =IF(ISBLANK(E95),MEDIAN($E$2:$E$1001),E95) -> 35 | G95: Russia | H95: Russian | I95: Blockchain Development | J95: 3 | K95: =IF(ISBLANK(J95),MEDIAN($J$2:$J$1001),J95) -> 3 | L95: 30 | M95: =IF(ISBLANK(L95),MEDIAN($L$2:$L$1001),L95) -> 30 | N95: 3.8 | O95: =IF(ISBLANK(N95),AVERAGE($N$2:$N$1001),N95) -> 3.8 | P95: Yes | Q95: 0.81 | R95: =Q95 -> 0.81 | S95: =IF(ISBLANK(R95),AVERAGE($R$2:$R$1001),R95) -> 0.81
A96: FL250095 | B96: Denise Smith | C96: f | D96: =IF(LEFT(C96,1)="f","Female","Male") -> Female | E96: 54 | F96: =IF(ISBLANK(E96),MEDIAN($E$2:$E$1001),E96) -> 54 | G96: China | H96: Mandarin | I96: Machine Learning | J96: 17 | K96: =IF(ISBLANK(J96),MEDIAN($J$2:$J$1001),J96) -> 17 | L96: 20 | M96: =IF(ISBLANK(L96),MEDIAN($L$2:$L$1001),L96) -> 20 | N96: 1.7 | O96: =IF(ISBLANK(N96),AVERAGE($N$2:$N$1001),N96) -> 1.7 | P96: No | Q96: 0.69 | R96: =Q96 -> 0.69 | S96: =IF(ISBLANK(R96),AVERAGE($R$2:$R$1001),R96) -> 0.69
A97: FL250096 | B97: Shelby Mcmahon | C97: FEMALE | D97: =IF(LEFT(C97,1)="f","Female","Male") -> Female | E97: 36 | F97: =IF(ISBLANK(E97),MEDIAN($E$2:$E$1001),E97) -> 36 | G97: Italy | H97: Italian | I97: UI/UX Design | J97: 0 | K97: =IF(ISBLANK(J97),MEDIAN($J$2:$J$1001),J97) -> 0 | L97: 20 | M97: =IF(ISBLANK(L97),MEDIAN($L$2:$L$1001),L97) -> 20 | N97: 1.3 | O97: =IF(ISBLANK(N97),AVERAGE($N$2:$N$1001),N97) -> 1.3 | P97: Yes | Q97: 0.64 | R97: =Q97 -> 0.64 | S97: =IF(ISBLANK(R97),AVERAGE($R$2:$R$1001),R97) -> 0.64
A98: FL250097 | B98: Bethany Wright | C98: f | D98: =IF(LEFT(C98,1)="f","Female","Male") -> Female | E98: 49 | F98: =IF(ISBLANK(E98),MEDIAN($E$2:$E$1001),E98) -> 49 | G98: Spain | H98: Spanish | I98: Cybersecurity | J98: 25 | K98: =IF(ISBLANK(J98),MEDIAN($J$2:$J$1001),J98) -> 25 | L98: 50 | M98: =IF(ISBLANK(L98),MEDIAN($L$2:$L$1001),L98) -> 50 | N98: 5 | O98: =IF(ISBLANK(N98),AVERAGE($N$2:$N$1001),N98) -> 5 | P98: No | Q98: 0.77 | R98: =Q98 -> 0.77 | S98: =IF(ISBLANK(R98),AVERAGE($R$2:$R$1001),R98) -> 0.77
A99: FL250098 | B99: David Ortiz | C99: Male | D99: =IF(LEFT(C99,1)="f","Female","Male") -> Male | E99: 37 | F99: =IF(ISBLANK(E99),MEDIAN($E$2:$E$1001),E99) -> 37 | G99: United States | H99: English | I99: Blockchain Development | J99: 17 | K99: =IF(ISBLANK(J99),MEDIAN($J$2:$J$1001),J99) -> 17 | L99: 20 | M99: =IF(ISBLANK(L99),MEDIAN($L$2:$L$1001),L99) -> 20 | N99: 3.3 | O99: =IF(ISBLANK(N99),AVERAGE($N$2:$N$1001),N99) -> 3.3 | P99: No | Q99: 96 | R99: 0.96 | S99: =IF(ISBLANK(R99),AVERAGE($R$2:$R$1001),R99) -> 0.96
A100: FL250099 | B100: Andrew Lynch | C100: MALE | D100: =IF(LEFT(C100,1)="f","Female","Male") -> Male | F100: =IF(ISBLANK(E100),MEDIAN($E$2:$E$1001),E100) -> 41 | G100: United States | H100: English | I100: UI/UX Design | J100: 5 | K100: =IF(ISBLANK(J100),MEDIAN($J$2:$J$1001),J100) -> 5 | L100: 20 | M100: =IF(ISBLANK(L100),MEDIAN($L$2:$L$1001),L100) -> 20 | N100: 1.1 | O100: =IF(ISBLANK(N100),AVERAGE($N$2:$N$1001),N100) -> 1.1 | P100: No | Q100: 0.74 | R100: =Q100 -> 0.74 | S100: =IF(ISBLANK(R100),AVERAGE($R$2:$R$1001),R100) -> 0.74
...

Sheet Cleaned Data
A1: Freelancer_ID | B1: Name | C1: Gender | D1: Age | E1: Country | F1: Language | G1: Primary Skill | H1: Years Of Experience | I1: Hourly Rate (USD) | J1: Rating | K1: Is Active | L1: Client Satisfaction
A2: FL250001 | B2: =_xlfn.XLOOKUP(A2,Sheet1!A:A,Sheet1!B:B) -> Nicole Kidd | C2: =_xlfn.XLOOKUP(A:A,Sheet1!A:A,Sheet1!D:D) -> Female | D2: =_xlfn.XLOOKUP(A:A,Sheet1!A:A,Sheet1!F:F) -> 52 | E2: =_xlfn.XLOOKUP(A:A,Sheet1!A:A,Sheet1!G:G) -> Italy | F2: =_xlfn.XLOOKUP(A:A,Sheet1!A:A,Sheet1!H:H) -> Italian | G2: =_xlfn.XLOOKUP(A:A,Sheet1!A:A,Sheet1!I:I) -> Blockchain Development | H2: =_xlfn.XLOOKUP(A:A,Sheet1!A:A,Sheet1!K:K) -> 11 | I2: =_xlfn.XLOOKUP(A:A,Sheet1!A:A,Sheet1!M:M) -> 100 | J2: =_xlfn.XLOOKUP(A:A,Sheet1!A:A,Sheet1!O:O) -> 2.5125695 | K2: =_xlfn.XLOOKUP(A:A,Sheet1!A:A,Sheet1!P:P) -> No | L2: =_xlfn.XLOOKUP(A:A,Sheet1!A:A,Sheet1!S:S) -> 0.79269417
A3: FL250002 | B3: =_xlfn.XLOOKUP(A3,Sheet1!A:A,Sheet1!B:B) -> Vanessa Garcia | C3: =_xlfn.XLOOKUP(A:A,Sheet1!A:A,Sheet1!D:D) -> Female | D3: =_xlfn.XLOOKUP(A:A,Sheet1!A:A,Sheet1!F:F) -> 52 | E3: =_xlfn.XLOOKUP(A:A,Sheet1!A:A,Sheet1!G:G) -> Australia | F3: =_xlfn.XLOOKUP(A:A,Sheet1!A:A,Sheet1!H:H) -> English | G3: =_xlfn.XLOOKUP(A:A,Sheet1!A:A,Sheet1!I:I) -> Mobile Apps | H3: =_xlfn.XLOOKUP(A:A,Sheet1!A:A,Sheet1!K:K) -> 34 | I3: =_xlfn.XLOOKUP(A:A,Sheet1!A:A,Sheet1!M:M) -> 100 | J3: =_xlfn.XLOOKUP(A:A,Sheet1!A:A,Sheet1!O:O) -> 3.3 | K3: =_xlfn.XLOOKUP(A:A,Sheet1!A:A,Sheet1!P:P) -> Yes | L3: =_xlfn.XLOOKUP(A:A,Sheet1!A:A,Sheet1!S:S) -> 0.84
A4: FL250003 | B4: =_xlfn.XLOOKUP(A4,Sheet1!A:A,Sheet1!B:B) -> Juan Nelson | C4: =_xlfn.XLOOKUP(A:A,Sheet1!A:A,Sheet1!D:D) -> Male | D4: =_xlfn.XLOOKUP(A:A,Sheet1!A:A,Sheet1!F:F) -> 53 | E4: =_xlfn.XLOOKUP(A:A,Sheet1!A:A,Sheet1!G:G) -> Germany | F4: =_xlfn.XLOOKUP(A:A,Sheet1!A:A,Sheet1!H:H) -> German | G4: =_xlfn.XLOOKUP(A:A,Sheet1!A:A,Sheet1!I:I) -> Graphic Design | H4: =_xlfn.XLOOKUP(A:A,Sheet1!A:A,Sheet1!K:K) -> 31 | I4: =_xlfn.XLOOKUP(A:A,Sheet1!A:A,Sheet1!M:M) -> 50 | J4: 0 | K4: =_xlfn.XLOOKUP(A:A,Sheet1!A:A,Sheet1!P:P) -> No | L4: =_xlfn.XLOOKUP(A:A,Sheet1!A:A,Sheet1!S:S) -> 0.71
A5: FL250004 | B5: =_xlfn.XLOOKUP(A5,Sheet1!A:A,Sheet1!B:B) -> Amanda Spencer | C5: =_xlfn.XLOOKUP(A:A,Sheet1!A:A,Sheet1!D:D) -> Female | D5: =_xlfn.XLOOKUP(A:A,Sheet1!A:A,Sheet1!F:F) -> 38 | E5: =_xlfn.XLOOKUP(A:A,Sheet1!A:A,Sheet1!G:G) -> Australia | F5: =_xlfn.XLOOKUP(A:A,Sheet1!A:A,Sheet1!H:H) -> English | G5: =_xlfn.XLOOKUP(A:A,Sheet1!A:A,Sheet1!I:I) -> Web Development | H5: =_xlfn.XLOOKUP(A:A,Sheet1!A:A,Sheet1!K:K) -> 4 | I5: =_xlfn.XLOOKUP(A:A,Sheet1!A:A,Sheet1!M:M) -> 40 | J5: =_xlfn.XLOOKUP(A:A,Sheet1!A:A,Sheet1!O:O) -> 1.5 | K5: =_xlfn.XLOOKUP(A:A,Sheet1!A:A,Sheet1!P:P) -> No | L5: =_xlfn.XLOOKUP(A:A,Sheet1!A:A,Sheet1!S:S) -> 0.9
A6: FL250005 | B6: =_xlfn.XLOOKUP(A6,Sheet1!A:A,Sheet1!B:B) -> Lynn Curtis | C6: =_xlfn.XLOOKUP(A:A,Sheet1!A:A,Sheet1!D:D) -> Female | D6: =_xlfn.XLOOKUP(A:A,Sheet1!A:A,Sheet1!F:F) -> 53 | E6: =_xlfn.XLOOKUP(A:A,Sheet1!A:A,Sheet1!G:G) -> Germany | F6: =_xlfn.XLOOKUP(A:A,Sheet1!A:A,Sheet1!H:H) -> German | G6: =_xlfn.XLOOKUP(A:A,Sheet1!A:A,Sheet1!I:I) -> Web Development | H6: =_xlfn.XLOOKUP(A:A,Sheet1!A:A,Sheet1!K:K) -> 27 | I6: =_xlfn.XLOOKUP(A:A,Sheet1!A:A,Sheet1!M:M) -> 30 | J6: =_xlfn.XLOOKUP(A:A,Sheet1!A:A,Sheet1!O:O) -> 4.8 | K6: =_xlfn.XLOOKUP(A:A,Sheet1!A:A,Sheet1!P:P) -> No | L6: =_xlfn.XLOOKUP(A:A,Sheet1!A:A,Sheet1!S:S) -> 0.83
A7: FL250006 | B7: =_xlfn.XLOOKUP(A7,Sheet1!A:A,Sheet1!B:B) -> Lisa Johnson | C7: =_xlfn.XLOOKUP(A:A,Sheet1!A:A,Sheet1!D:D) -> Female | D7: =_xlfn.XLOOKUP(A:A,Sheet1!A:A,Sheet1!F:F) -> 59 | E7: =_xlfn.XLOOKUP(A:A,Sheet1!A:A,Sheet1!G:G) -> Netherlands | F7: =_xlfn.XLOOKUP(A:A,Sheet1!A:A,Sheet1!H:H) -> Dutch | G7: =_xlfn.XLOOKUP(A:A,Sheet1!A:A,Sheet1!I:I) -> AI | H7: =_xlfn.XLOOKUP(A:A,Sheet1!A:A,Sheet1!K:K) -> 14 | I7: =_xlfn.XLOOKUP(A:A,Sheet1!A:A,Sheet1!M:M) -> 30 | J7: =_xlfn.XLOOKUP(A:A,Sheet1!A:A,Sheet1!O:O) -> 2.4 | K7: =_xlfn.XLOOKUP(A:A,Sheet1!A:A,Sheet1!P:P) -> No | L7: =_xlfn.XLOOKUP(A:A,Sheet1!A:A,Sheet1!S:S) -> 0.79269417
A8: FL250007 | B8: =_xlfn.XLOOKUP(A8,Sheet1!A:A,Sheet1!B:B) -> Eric Myers | C8: =_xlfn.XLOOKUP(A:A,Sheet1!A:A,Sheet1!D:D) -> Male | D8: =_xlfn.XLOOKUP(A:A,Sheet1!A:A,Sheet1!F:F) -> 52 | E8: =_xlfn.XLOOKUP(A:A,Sheet1!A:A,Sheet1!G:G) -> Indonesia | F8: =_xlfn.XLOOKUP(A:A,Sheet1!A:A,Sheet1!H:H) -> Indonesian | G8: =_xlfn.XLOOKUP(A:A,Sheet1!A:A,Sheet1!I:I) -> Data Analysis | H8: =_xlfn.XLOOKUP(A:A,Sheet1!A:A,Sheet1!K:K) -> 10 | I8: =_xlfn.XLOOKUP(A:A,Sheet1!A:A,Sheet1!M:M) -> 75 | J8: =_xlfn.XLOOKUP(A:A,Sheet1!A:A,Sheet1!O:O) -> 3.1 | K8: =_xlfn.XLOOKUP(A:A,Sheet1!A:A,Sheet1!P:P) -> No | L8: =_xlfn.XLOOKUP(A:A,Sheet1!A:A,Sheet1!S:S) -> 0.94
A9: FL250008 | B9: =_xlfn.XLOOKUP(A9,Sheet1!A:A,Sheet1!B:B) -> Ricky Graham | C9: =_xlfn.XLOOKUP(A:A,Sheet1!A:A,Sheet1!D:D) -> Male | D9: =_xlfn.XLOOKUP(A:A,Sheet1!A:A,Sheet1!F:F) -> 43 | E9: =_xlfn.XLOOKUP(A:A,Sheet1!A:A,Sheet1!G:G) -> Italy | F9: =_xlfn.XLOOKUP(A:A,Sheet1!A:A,Sheet1!H:H) -> Italian | G9: =_xlfn.XLOOKUP(A:A,Sheet1!A:A,Sheet1!I:I) -> Blockchain Development | H9: =_xlfn.XLOOKUP(A:A,Sheet1!A:A,Sheet1!K:K) -> 14 | I9: =_xlfn.XLOOKUP(A:A,Sheet1!A:A,Sheet1!M:M) -> 40 | J9: =_xlfn.XLOOKUP(A:A,Sheet1!A:A,Sheet1!O:O) -> 4.6 | K9: =_xlfn.XLOOKUP(A:A,Sheet1!A:A,Sheet1!P:P) -> No | L9: =_xlfn.XLOOKUP(A:A,Sheet1!A:A,Sheet1!S:S) -> 0.94
A10: FL250009 | B10: =_xlfn.XLOOKUP(A10,Sheet1!A:A,Sheet1!B:B) -> Sean Martin | C10: =_xlfn.XLOOKUP(A:A,Sheet1!A:A,Sheet1!D:D) -> Male | D10: =_xlfn.XLOOKUP(A:A,Sheet1!A:A,Sheet1!F:F) -> 26 | E10: =_xlfn.XLOOKUP(A:A,Sheet1!A:A,Sheet1!G:G) -> United States | F10: =_xlfn.XLOOKUP(A:A,Sheet1!A:A,Sheet1!H:H) -> English | G10: =_xlfn.XLOOKUP(A:A,Sheet1!A:A,Sheet1!I:I) -> Blockchain Development | H10: =_xlfn.XLOOKUP(A:A,Sheet1!A:A,Sheet1!K:K) -> 4 | I10: =_xlfn.XLOOKUP(A:A,Sheet1!A:A,Sheet1!M:M) -> 40 | J10: =_xlfn.XLOOKUP(A:A,Sheet1!A:A,Sheet1!O:O) -> 4 | K10: =_xlfn.XLOOKUP(A:A,Sheet1!A:A,Sheet1!P:P) -> Yes | L10: =_xlfn.XLOOKUP(A:A,Sheet1!A:A,Sheet1!S:S) -> 0.76
A11: FL250010 | B11: =_xlfn.XLOOKUP(A11,Sheet1!A:A,Sheet1!B:B) -> Matthew Lloyd | C11: =_xlfn.XLOOKUP(A:A,Sheet1!A:A,Sheet1!D:D) -> Male | D11: =_xlfn.XLOOKUP(A:A,Sheet1!A:A,Sheet1!F:F) -> 52 | E11: =_xlfn.XLOOKUP(A:A,Sheet1!A:A,Sheet1!G:G) -> Turkey | F11: =_xlfn.XLOOKUP(A:A,Sheet1!A:A,Sheet1!H:H) -> Turkish | G11: =_xlfn.XLOOKUP(A:A,Sheet1!A:A,Sheet1!I:I) -> AI | H11: =_xlfn.XLOOKUP(A:A,Sheet1!A:A,Sheet1!K:K) -> 22 | I11: =_xlfn.XLOOKUP(A:A,Sheet1!A:A,Sheet1!M:M) -> 50 | J11: =_xlfn.XLOOKUP(A:A,Sheet1!A:A,Sheet1!O:O) -> 2.5125695 | K11: =_xlfn.XLOOKUP(A:A,Sheet1!A:A,Sheet1!P:P) -> Yes | L11: =_xlfn.XLOOKUP(A:A,Sheet1!A:A,Sheet1!S:S) -> 0.79269417
A12: FL250011 | B12: =_xlfn.XLOOKUP(A12,Sheet1!A:A,Sheet1!B:B) -> Gavin Randall | C12: =_xlfn.XLOOKUP(A:A,Sheet1!A:A,Sheet1!D:D) -> Male | D12: =_xlfn.XLOOKUP(A:A,Sheet1!A:A,Sheet1!F:F) -> 40 | E12: =_xlfn.XLOOKUP(A:A,Sheet1!A:A,Sheet1!G:G) -> United Kingdom | F12: =_xlfn.XLOOKUP(A:A,Sheet1!A:A,Sheet1!H:H) -> English | G12: =_xlfn.XLOOKUP(A:A,Sheet1!A:A,Sheet1!I:I) -> Data Analysis | H12: =_xlfn.XLOOKUP(A:A,Sheet1!A:A,Sheet1!K:K) -> 17 | I12: =_xlfn.XLOOKUP(A:A,Sheet1!A:A,Sheet1!M:M) -> 40 | J12: =_xlfn.XLOOKUP(A:A,Sheet1!A:A,Sheet1!O:O) -> 3.6 | K12: =_xlfn.XLOOKUP(A:A,Sheet1!A:A,Sheet1!P:P) -> Yes | L12: =_xlfn.XLOOKUP(A:A,Sheet1!A:A,Sheet1!S:S) -> 0.77
A13: FL250012 | B13: =_xlfn.XLOOKUP(A13,Sheet1!A:A,Sheet1!B:B) -> Michelle Curtis | C13: =_xlfn.XLOOKUP(A:A,Sheet1!A:A,Sheet1!D:D) -> Female | D13: =_xlfn.XLOOKUP(A:A,Sheet1!A:A,Sheet1!F:F) -> 55 | E13: =_xlfn.XLOOKUP(A:A,Sheet1!A:A,Sheet1!G:G) -> Argentina | F13: =_xlfn.XLOOKUP(A:A,Sheet1!A:A,Sheet1!H:H) -> Spanish | G13: =_xlfn.XLOOKUP(A:A,Sheet1!A:A,Sheet1!I:I) -> UI/UX Design | H13: =_xlfn.XLOOKUP(A:A,Sheet1!A:A,Sheet1!K:K) -> 15 | I13: =_xlfn.XLOOKUP(A:A,Sheet1!A:A,Sheet1!M:M) -> 40 | J13: =_xlfn.XLOOKUP(A:A,Sheet1!A:A,Sheet1!O:O) -> 2.5125695 | K13: =_xlfn.XLOOKUP(A:A,Sheet1!A:A,Sheet1!P:P) -> Yes | L13: =_xlfn.XLOOKUP(A:A,Sheet1!A:A,Sheet1!S:S) -> 0.86
A14: FL250013 | B14: =_xlfn.XLOOKUP(A14,Sheet1!A:A,Sheet1!B:B) -> Alice Schneider | C14: =_xlfn.XLOOKUP(A:A,Sheet1!A:A,Sheet1!D:D) -> Female | D14: =_xlfn.XLOOKUP(A:A,Sheet1!A:A,Sheet1!F:F) -> 57 | E14: =_xlfn.XLOOKUP(A:A,Sheet1!A:A,Sheet1!G:G) -> United Kingdom | F14: =_xlfn.XLOOKUP(A:A,Sheet1!A:A,Sheet1!H:H) -> English | G14: =_xlfn.XLOOKUP(A:A,Sheet1!A:A,Sheet1!I:I) -> Cybersecurity | H14: =_xlfn.XLOOKUP(A:A,Sheet1!A:A,Sheet1!K:K) -> 18 | I14: =_xlfn.XLOOKUP(A:A,Sheet1!A:A,Sheet1!M:M) -> 40 | J14: =_xlfn.XLOOKUP(A:A,Sheet1!A:A,Sheet1!O:O) -> 2 | K14: =_xlfn.XLOOKUP(A:A,Sheet1!A:A,Sheet1!P:P) -> No | L14: =_xlfn.XLOOKUP(A:A,Sheet1!A:A,Sheet1!S:S) -> 0.86
A15: FL250014 | B15: =_xlfn.XLOOKUP(A15,Sheet1!A:A,Sheet1!B:B) -> Phillip Shelton | C15: =_xlfn.XLOOKUP(A:A,Sheet1!A:A,Sheet1!D:D) -> Male | D15: =_xlfn.XLOOKUP(A:A,Sheet1!A:A,Sheet1!F:F) -> 38 | E15: =_xlfn.XLOOKUP(A:A,Sheet1!A:A,Sheet1!G:G) -> Argentina | F15: =_xlfn.XLOOKUP(A:A,Sheet1!A:A,Sheet1!H:H) -> Spanish | G15: =_xlfn.XLOOKUP(A:A,Sheet1!A:A,Sheet1!I:I) -> Graphic Design | H15: =_xlfn.XLOOKUP(A:A,Sheet1!A:A,Sheet1!K:K) -> 20 | I15: =_xlfn.XLOOKUP(A:A,Sheet1!A:A,Sheet1!M:M) -> 75 | J15: =_xlfn.XLOOKUP(A:A,Sheet1!A:A,Sheet1!O:O) -> 2.9 | K15: =_xlfn.XLOOKUP(A:A,Sheet1!A:A,Sheet1!P:P) -> Yes | L15: =_xlfn.XLOOKUP(A:A,Sheet1!A:A,Sheet1!S:S) -> 0.93
A16: FL250015 | B16: =_xlfn.XLOOKUP(A16,Sheet1!A:A,Sheet1!B:B) -> Edward Ferguson | C16: =_xlfn.XLOOKUP(A:A,Sheet1!A:A,Sheet1!D:D) -> Male | D16: =_xlfn.XLOOKUP(A:A,Sheet1!A:A,Sheet1!F:F) -> 50 | E16: =_xlfn.XLOOKUP(A:A,Sheet1!A:A,Sheet1!G:G) -> Germany | F16: =_xlfn.XLOOKUP(A:A,Sheet1!A:A,Sheet1!H:H) -> German | G16: =_xlfn.XLOOKUP(A:A,Sheet1!A:A,Sheet1!I:I) -> Data Analysis | H16: =_xlfn.XLOOKUP(A:A,Sheet1!A:A,Sheet1!K:K) -> 22 | I16: =_xlfn.XLOOKUP(A:A,Sheet1!A:A,Sheet1!M:M) -> 75 | J16: =_xlfn.XLOOKUP(A:A,Sheet1!A:A,Sheet1!O:O) -> 3.7 | K16: =_xlfn.XLOOKUP(A:A,Sheet1!A:A,Sheet1!P:P) -> Yes | L16: =_xlfn.XLOOKUP(A:A,Sheet1!A:A,Sheet1!S:S) -> 0.7
... A27: FL250026 | B27: =_xlfn.XLOOKUP(A27,Sheet1!A:A,Sheet1!B:B) -> Anna Mccann | C27: =_xlfn.XLOOKUP(A:A,Sheet1!A:A,Sheet1!D:D) -> Female | D27: =_xlfn.XLOOKUP(A:A,Sheet1!A:A,Sheet1!F:F) -> 22 | E27: =_xlfn.XLOOKUP(A:A,Sheet1!A:A,Sheet1!G:G) -> South Korea | F27: =_xlfn.XLOOKUP(A:A,Sheet1!A:A,Sheet1!H:H) -> Korean | G27: =_xlfn.XLOOKUP(A:A,Sheet1!A:A,Sheet1!I:I) -> DevOps | H27: =_xlfn.XLOOKUP(A:A,Sheet1!A:A,Sheet1!K:K) -> 0 | I27: =_xlfn.XLOOKUP(A:A,Sheet1!A:A,Sheet1!M:M) -> 30 | J27: =_xlfn.XLOOKUP(A:A,Sheet1!A:A,Sheet1!O:O) -> 1.2 | K27: =_xlfn.XLOOKUP(A:A,Sheet1!A:A,Sheet1!P:P) -> Yes | L27: =_xlfn.XLOOKUP(A:A,Sheet1!A:A,Sheet1!S:S) -> 0.7
A28: FL250027 | B28: =_xlfn.XLOOKUP(A28,Sheet1!A:A,Sheet1!B:B) -> Marissa Bass | C28: =_xlfn.XLOOKUP(A:A,Sheet1!A:A,Sheet1!D:D) -> Female | D28: =_xlfn.XLOOKUP(A:A,Sheet1!A:A,Sheet1!F:F) -> 34 | E28: =_xlfn.XLOOKUP(A:A,Sheet1!A:A,Sheet1!G:G) -> Japan | F28: =_xlfn.XLOOKUP(A:A,Sheet1!A:A,Sheet1!H:H) -> Japanese | G28: =_xlfn.XLOOKUP(A:A,Sheet1!A:A,Sheet1!I:I) -> Blockchain Development | H28: =_xlfn.XLOOKUP(A:A,Sheet1!A:A,Sheet1!K:K) -> 8 | I28: =_xlfn.XLOOKUP(A:A,Sheet1!A:A,Sheet1!M:M) -> 20 | J28: 0 | K28: =_xlfn.XLOOKUP(A:A,Sheet1!A:A,Sheet1!P:P) -> Yes | L28: =_xlfn.XLOOKUP(A:A,Sheet1!A:A,Sheet1!S:S) -> 0.89
A29: FL250028 | B29: =_xlfn.XLOOKUP(A29,Sheet1!A:A,Sheet1!B:B) -> Alexis Day | C29: =_xlfn.XLOOKUP(A:A,Sheet1!A:A,Sheet1!D:D) -> Female | D29: =_xlfn.XLOOKUP(A:A,Sheet1!A:A,Sheet1!F:F) -> 36 | E29: =_xlfn.XLOOKUP(A:A,Sheet1!A:A,Sheet1!G:G) -> Russia | F29: =_xlfn.XLOOKUP(A:A,Sheet1!A:A,Sheet1!H:H) -> Russian | G29: =_xlfn.XLOOKUP(A:A,Sheet1!A:A,Sheet1!I:I) -> Graphic Design | H29: =_xlfn.XLOOKUP(A:A,Sheet1!A:A,Sheet1!K:K) -> 11 | I29: =_xlfn.XLOOKUP(A:A,Sheet1!A:A,Sheet1!M:M) -> 40 | J29: =_xlfn.XLOOKUP(A:A,Sheet1!A:A,Sheet1!O:O) -> 1.8 | K29: =_xlfn.XLOOKUP(A:A,Sheet1!A:A,Sheet1!P:P) -> Yes | L29: =_xlfn.XLOOKUP(A:A,Sheet1!A:A,Sheet1!S:S) -> 0.86
A30: FL250029 | B30: =_xlfn.XLOOKUP(A30,Sheet1!A:A,Sheet1!B:B) -> Megan Jones | C30: =_xlfn.XLOOKUP(A:A,Sheet1!A:A,Sheet1!D:D) -> Female | D30: =_xlfn.XLOOKUP(A:A,Sheet1!A:A,Sheet1!F:F) -> 47 | E30: =_xlfn.XLOOKUP(A:A,Sheet1!A:A,Sheet1!G:G) -> Canada | F30: =_xlfn.XLOOKUP(A:A,Sheet1!A:A,Sheet1!H:H) -> English | G30: =_xlfn.XLOOKUP(A:A,Sheet1!A:A,Sheet1!I:I) -> AI | H30: =_xlfn.XLOOKUP(A:A,Sheet1!A:A,Sheet1!K:K) -> 22 | I30: =_xlfn.XLOOKUP(A:A,Sheet1!A:A,Sheet1!M:M) -> 30 | J30: =_xlfn.XLOOKUP(A:A,Sheet1!A:A,Sheet1!O:O) -> 1.3 | K30: =_xlfn.XLOOKUP(A:A,Sheet1!A:A,Sheet1!P:P) -> No | L30: =_xlfn.XLOOKUP(A:A,Sheet1!A:A,Sheet1!S:S) -> 0.62
A31: FL250030 | B31: =_xlfn.XLOOKUP(A31,Sheet1!A:A,Sheet1!B:B) -> Lori Smith | C31: =_xlfn.XLOOKUP(A:A,Sheet1!A:A,Sheet1!D:D) -> Female | D31: =_xlfn.XLOOKUP(A:A,Sheet1!A:A,Sheet1!F:F) -> 41 | E31: =_xlfn.XLOOKUP(A:A,Sheet1!A:A,Sheet1!G:G) -> Netherlands | F31: =_xlfn.XLOOKUP(A:A,Sheet1!A:A,Sheet1!H:H) -> Dutch | G31: =_xlfn.XLOOKUP(A:A,Sheet1!A:A,Sheet1!I:I) -> Data Analysis | H31: =_xlfn.XLOOKUP(A:A,Sheet1!A:A,Sheet1!K:K) -> 14 | I31: =_xlfn.XLOOKUP(A:A,Sheet1!A:A,Sheet1!M:M) -> 75 | J31: =_xlfn.XLOOKUP(A:A,Sheet1!A:A,Sheet1!O:O) -> 1.2 | K31: =_xlfn.XLOOKUP(A:A,Sheet1!A:A,Sheet1!P:P) -> No | L31: =_xlfn.XLOOKUP(A:A,Sheet1!A:A,Sheet1!S:S) -> 0.79269417
A32: FL250031 | B32: =_xlfn.XLOOKUP(A32,Sheet1!A:A,Sheet1!B:B) -> Eric Carpenter | C32: =_xlfn.XLOOKUP(A:A,Sheet1!A:A,Sheet1!D:D) -> Male | D32: =_xlfn.XLOOKUP(A:A,Sheet1!A:A,Sheet1!F:F) -> 22 | E32: =_xlfn.XLOOKUP(A:A,Sheet1!A:A,Sheet1!G:G) -> Netherlands | F32: =_xlfn.XLOOKUP(A:A,Sheet1!A:A,Sheet1!H:H) -> Dutch | G32: =_xlfn.XLOOKUP(A:A,Sheet1!A:A,Sheet1!I:I) -> DevOps | H32: =_xlfn.XLOOKUP(A:A,Sheet1!A:A,Sheet1!K:K) -> 4 | I32: =_xlfn.XLOOKUP(A:A,Sheet1!A:A,Sheet1!M:M) -> 40 | J32: =_xlfn.XLOOKUP(A:A,Sheet1!A:A,Sheet1!O:O) -> 1 | K32: =_xlfn.XLOOKUP(A:A,Sheet1!A:A,Sheet1!P:P) -> Yes | L32: =_xlfn.XLOOKUP(A:A,Sheet1!A:A,Sheet1!S:S) -> 0.79269417
A33: FL250032 | B33: =_xlfn.XLOOKUP(A33,Sheet1!A:A,Sheet1!B:B) -> Timothy Daniels | C33: =_xlfn.XLOOKUP(A:A,Sheet1!A:A,Sheet1!D:D) -> Male | D33: =_xlfn.XLOOKUP(A:A,Sheet1!A:A,Sheet1!F:F) -> 38 | E33: =_xlfn.XLOOKUP(A:A,Sheet1!A:A,Sheet1!G:G) -> France | F33: =_xlfn.XLOOKUP(A:A,Sheet1!A:A,Sheet1!H:H) -> French | G33: =_xlfn.XLOOKUP(A:A,Sheet1!A:A,Sheet1!I:I) -> Machine Learning | H33: =_xlfn.XLOOKUP(A:A,Sheet1!A:A,Sheet1!K:K) -> 19 | I33: =_xlfn.XLOOKUP(A:A,Sheet1!A:A,Sheet1!M:M) -> 100 | J33: =_xlfn.XLOOKUP(A:A,Sheet1!A:A,Sheet1!O:O) -> 4.2 | K33: =_xlfn.XLOOKUP(A:A,Sheet1!A:A,Sheet1!P:P) -> No | L33: =_xlfn.XLOOKUP(A:A,Sheet1!A:A,Sheet1!S:S) -> 0.68
A34: FL250033 | B34: =_xlfn.XLOOKUP(A34,Sheet1!A:A,Sheet1!B:B) -> Robert Nelson | C34: =_xlfn.XLOOKUP(A:A,Sheet1!A:A,Sheet1!D:D) -> Male | D34: =_xlfn.XLOOKUP(A:A,Sheet1!A:A,Sheet1!F:F) -> 46 | E34: =_xlfn.XLOOKUP(A:A,Sheet1!A:A,Sheet1!G:G) -> Egypt | F34: =_xlfn.XLOOKUP(A:A,Sheet1!A:A,Sheet1!H:H) -> Arabic | G34: =_xlfn.XLOOKUP(A:A,Sheet1!A:A,Sheet1!I:I) -> AI | H34: =_xlfn.XLOOKUP(A:A,Sheet1!A:A,Sheet1!K:K) -> 9 | I34: =_xlfn.XLOOKUP(A:A,Sheet1!A:A,Sheet1!M:M) -> 20 | J34: =_xlfn.XLOOKUP(A:A,Sheet1!A:A,Sheet1!O:O) -> 1.4 | K34: =_xlfn.XLOOKUP(A:A,Sheet1!A:A,Sheet1!P:P) -> Yes | L34: =_xlfn.XLOOKUP(A:A,Sheet1!A:A,Sheet1!S:S) -> 0.76
A35: FL250034 | B35: =_xlfn.XLOOKUP(A35,Sheet1!A:A,Sheet1!B:B) -> Michael Anderson | C35: =_xlfn.XLOOKUP(A:A,Sheet1!A:A,Sheet1!D:D) -> Male | D35: =_xlfn.XLOOKUP(A:A,Sheet1!A:A,Sheet1!F:F) -> 41 | E35: =_xlfn.XLOOKUP(A:A,Sheet1!A:A,Sheet1!G:G) -> South Korea | F35: =_xlfn.XLOOKUP(A:A,Sheet1!A:A,Sheet1!H:H) -> Korean | G35: =_xlfn.XLOOKUP(A:A,Sheet1!A:A,Sheet1!I:I) -> AI | H35: =_xlfn.XLOOKUP(A:A,Sheet1!A:A,Sheet1!K:K) -> 9 | I35: =_xlfn.XLOOKUP(A:A,Sheet1!A:A,Sheet1!M:M) -> 40 | J35: =_xlfn.XLOOKUP(A:A,Sheet1!A:A,Sheet1!O:O) -> 2.4 | K35: =_xlfn.XLOOKUP(A:A,Sheet1!A:A,Sheet1!P:P) -> Yes | L35: =_xlfn.XLOOKUP(A:A,Sheet1!A:A,Sheet1!S:S) -> 0.82
A36: FL250035 | B36: =_xlfn.XLOOKUP(A36,Sheet1!A:A,Sheet1!B:B) -> Jessica Snyder | C36: =_xlfn.XLOOKUP(A:A,Sheet1!A:A,Sheet1!D:D) -> Female | D36: =_xlfn.XLOOKUP(A:A,Sheet1!A:A,Sheet1!F:F) -> 54 | E36: =_xlfn.XLOOKUP(A:A,Sheet1!A:A,Sheet1!G:G) -> United States | F36: =_xlfn.XLOOKUP(A:A,Sheet1!A:A,Sheet1!H:H) -> English | G36: =_xlfn.XLOOKUP(A:A,Sheet1!A:A,Sheet1!I:I) -> Web Development | H36: =_xlfn.XLOOKUP(A:A,Sheet1!A:A,Sheet1!K:K) -> 32 | I36: =_xlfn.XLOOKUP(A:A,Sheet1!A:A,Sheet1!M:M) -> 75 | J36: =_xlfn.XLOOKUP(A:A,Sheet1!A:A,Sheet1!O:O) -> 1 | K36: =_xlfn.XLOOKUP(A:A,Sheet1!A:A,Sheet1!P:P) -> Yes | L36: =_xlfn.XLOOKUP(A:A,Sheet1!A:A,Sheet1!S:S) -> 0.81
A37: FL250036 | B37: =_xlfn.XLOOKUP(A37,Sheet1!A:A,Sheet1!B:B) -> Emily Daniels | C37: =_xlfn.XLOOKUP(A:A,Sheet1!A:A,Sheet1!D:D) -> Female | D37: =_xlfn.XLOOKUP(A:A,Sheet1!A:A,Sheet1!F:F) -> 52 | E37: =_xlfn.XLOOKUP(A:A,Sheet1!A:A,Sheet1!G:G) -> South Korea | F37: =_xlfn.XLOOKUP(A:A,Sheet1!A:A,Sheet1!H:H) -> Korean | G37: =_xlfn.XLOOKUP(A:A,Sheet1!A:A,Sheet1!I:I) -> Web Development | H37: =_xlfn.XLOOKUP(A:A,Sheet1!A:A,Sheet1!K:K) -> 28 | I37: =_xlfn.XLOOKUP(A:A,Sheet1!A:A,Sheet1!M:M) -> 20 | J37: =_xlfn.XLOOKUP(A:A,Sheet1!A:A,Sheet1!O:O) -> 2.5125695 | K37: =_xlfn.XLOOKUP(A:A,Sheet1!A:A,Sheet1!P:P) -> No | L37: =_xlfn.XLOOKUP(A:A,Sheet1!A:A,Sheet1!S:S) -> 0.79269417
A38: FL250037 | B38: =_xlfn.XLOOKUP(A38,Sheet1!A:A,Sheet1!B:B) -> Jamie Ramirez | C38: =_xlfn.XLOOKUP(A:A,Sheet1!A:A,Sheet1!D:D) -> Female | D38: =_xlfn.XLOOKUP(A:A,Sheet1!A:A,Sheet1!F:F) -> 42 | E38: =_xlfn.XLOOKUP(A:A,Sheet1!A:A,Sheet1!G:G) -> Japan | F38: =_xlfn.XLOOKUP(A:A,Sheet1!A:A,Sheet1!H:H) -> Japanese | G38: =_xlfn.XLOOKUP(A:A,Sheet1!A:A,Sheet1!I:I) -> Mobile Apps | H38: =_xlfn.XLOOKUP(A:A,Sheet1!A:A,Sheet1!K:K) -> 6 | I38: =_xlfn.XLOOKUP(A:A,Sheet1!A:A,Sheet1!M:M) -> 40 | J38: =_xlfn.XLOOKUP(A:A,Sheet1!A:A,Sheet1!O:O) -> 2.5125695 | K38: =_xlfn.XLOOKUP(A:A,Sheet1!A:A,Sheet1!P:P) -> No | L38: =_xlfn.XLOOKUP(A:A,Sheet1!A:A,Sheet1!S:S) -> 0.63
A39: FL250038 | B39: =_xlfn.XLOOKUP(A39,Sheet1!A:A,Sheet1!B:B) -> Amy Harrison | C39: =_xlfn.XLOOKUP(A:A,Sheet1!A:A,Sheet1!D:D) -> Female | D39: =_xlfn.XLOOKUP(A:A,Sheet1!A:A,Sheet1!F:F) -> 29 | E39: =_xlfn.XLOOKUP(A:A,Sheet1!A:A,Sheet1!G:G) -> Netherlands | F39: =_xlfn.XLOOKUP(A:A,Sheet1!A:A,Sheet1!H:H) -> Dutch | G39: =_xlfn.XLOOKUP(A:A,Sheet1!A:A,Sheet1!I:I) -> Graphic Design | H39: =_xlfn.XLOOKUP(A:A,Sheet1!A:A,Sheet1!K:K) -> 10 | I39: =_xlfn.XLOOKUP(A:A,Sheet1!A:A,Sheet1!M:M) -> 40 | J39: =_xlfn.XLOOKUP(A:A,Sheet1!A:A,Sheet1!O:O) -> 2.2 | K39: =_xlfn.XLOOKUP(A:A,Sheet1!A:A,Sheet1!P:P) -> No | L39: =_xlfn.XLOOKUP(A:A,Sheet1!A:A,Sheet1!S:S) -> 0.67
A40: FL250039 | B40: =_xlfn.XLOOKUP(A40,Sheet1!A:A,Sheet1!B:B) -> Melinda White | C40: =_xlfn.XLOOKUP(A:A,Sheet1!A:A,Sheet1!D:D) -> Female | D40: =_xlfn.XLOOKUP(A:A,Sheet1!A:A,Sheet1!F:F) -> 42 | E40: =_xlfn.XLOOKUP(A:A,Sheet1!A:A,Sheet1!G:G) -> South Africa | F40: =_xlfn.XLOOKUP(A:A,Sheet1!A:A,Sheet1!H:H) -> Afrikaans | G40: =_xlfn.XLOOKUP(A:A,Sheet1!A:A,Sheet1!I:I) -> Mobile Apps | H40: =_xlfn.XLOOKUP(A:A,Sheet1!A:A,Sheet1!K:K) -> 23 | I40: =_xlfn.XLOOKUP(A:A,Sheet1!A:A,Sheet1!M:M) -> 50 | J40: =_xlfn.XLOOKUP(A:A,Sheet1!A:A,Sheet1!O:O) -> 3.2 | K40: =_xlfn.XLOOKUP(A:A,Sheet1!A:A,Sheet1!P:P) -> Yes | L40: =_xlfn.XLOOKUP(A:A,Sheet1!A:A,Sheet1!S:S) -> 0.79269417
A41: FL250040 | B41: =_xlfn.XLOOKUP(A41,Sheet1!A:A,Sheet1!B:B) -> James Hernandez | C41: =_xlfn.XLOOKUP(A:A,Sheet1!A:A,Sheet1!D:D) -> Male | D41: =_xlfn.XLOOKUP(A:A,Sheet1!A:A,Sheet1!F:F) -> 60 | E41: =_xlfn.XLOOKUP(A:A,Sheet1!A:A,Sheet1!G:G) -> Japan | F41: =_xlfn.XLOOKUP(A:A,Sheet1!A:A,Sheet1!H:H) -> Japanese | G41: =_xlfn.XLOOKUP(A:A,Sheet1!A:A,Sheet1!I:I) -> Web Development | H41: =_xlfn.XLOOKUP(A:A,Sheet1!A:A,Sheet1!K:K) -> 13 | I41: =_xlfn.XLOOKUP(A:A,Sheet1!A:A,Sheet1!M:M) -> 20 | J41: =_xlfn.XLOOKUP(A:A,Sheet1!A:A,Sheet1!O:O) -> 3.6 | K41: =_xlfn.XLOOKUP(A:A,Sheet1!A:A,Sheet1!P:P) -> No | L41: =_xlfn.XLOOKUP(A:A,Sheet1!A:A,Sheet1!S:S) -> 0.8
A42: FL250041 | B42: =_xlfn.XLOOKUP(A42,Sheet1!A:A,Sheet1!B:B) -> Angelica Rogers | C42: =_xlfn.XLOOKUP(A:A,Sheet1!A:A,Sheet1!D:D) -> Female | D42: =_xlfn.XLOOKUP(A:A,Sheet1!A:A,Sheet1!F:F) -> 59 | E42: =_xlfn.XLOOKUP(A:A,Sheet1!A:A,Sheet1!G:G) -> United Kingdom | F42: =_xlfn.XLOOKUP(A:A,Sheet1!A:A,Sheet1!H:H) -> English | G42: =_xlfn.XLOOKUP(A:A,Sheet1!A:A,Sheet1!I:I) -> AI | H42: =_xlfn.XLOOKUP(A:A,Sheet1!A:A,Sheet1!K:K) -> 3 | I42: =_xlfn.XLOOKUP(A:A,Sheet1!A:A,Sheet1!M:M) -> 50 | J42: 0 | K42: =_xlfn.XLOOKUP(A:A,Sheet1!A:A,Sheet1!P:P) -> No | L42: =_xlfn.XLOOKUP(A:A,Sheet1!A:A,Sheet1!S:S) -> 0.79269417
A43: FL250042 | B43: =_xlfn.XLOOKUP(A43,Sheet1!A:A,Sheet1!B:B) -> Savannah Williams | C43: =_xlfn.XLOOKUP(A:A,Sheet1!A:A,Sheet1!D:D) -> Female | D43: =_xlfn.XLOOKUP(A:A,Sheet1!A:A,Sheet1!F:F) -> 21 | E43: =_xlfn.XLOOKUP(A:A,Sheet1!A:A,Sheet1!G:G) -> Canada | F43: =_xlfn.XLOOKUP(A:A,Sheet1!A:A,Sheet1!H:H) -> English | G43: =_xlfn.XLOOKUP(A:A,Sheet1!A:A,Sheet1!I:I) -> Web Development | H43: =_xlfn.XLOOKUP(A:A,Sheet1!A:A,Sheet1!K:K) -> 0 | I43: =_xlfn.XLOOKUP(A:A,Sheet1!A:A,Sheet1!M:M) -> 30 | J43: =_xlfn.XLOOKUP(A:A,Sheet1!A:A,Sheet1!O:O) -> 2.7 | K43: =_xlfn.XLOOKUP(A:A,Sheet1!A:A,Sheet1!P:P) -> Yes | L43: =_xlfn.XLOOKUP(A:A,Sheet1!A:A,Sheet1!S:S) -> 0.84
A44: FL250043 | B44: =_xlfn.XLOOKUP(A44,Sheet1!A:A,Sheet1!B:B) -> Kaitlyn Schmidt | C44: =_xlfn.XLOOKUP(A:A,Sheet1!A:A,Sheet1!D:D) -> Female | D44: =_xlfn.XLOOKUP(A:A,Sheet1!A:A,Sheet1!F:F) -> 35 | E44: =_xlfn.XLOOKUP(A:A,Sheet1!A:A,Sheet1!G:G) -> Germany | F44: =_xlfn.XLOOKUP(A:A,Sheet1!A:A,Sheet1!H:H) -> German | G44: =_xlfn.XLOOKUP(A:A,Sheet1!A:A,Sheet1!I:I) -> DevOps | H44: =_xlfn.XLOOKUP(A:A,Sheet1!A:A,Sheet1!K:K) -> 10 | I44: =_xlfn.XLOOKUP(A:A,Sheet1!A:A,Sheet1!M:M) -> 50 | J44: 0 | K44: =_xlfn.XLOOKUP(A:A,Sheet1!A:A,Sheet1!P:P) -> No | L44: =_xlfn.XLOOKUP(A:A,Sheet1!A:A,Sheet1!S:S) -> 0.79269417
A45: FL250044 | B45: =_xlfn.XLOOKUP(A45,Sheet1!A:A,Sheet1!B:B) -> Jason Singh | C45: =_xlfn.XLOOKUP(A:A,Sheet1!A:A,Sheet1!D:D) -> Male | D45: =_xlfn.XLOOKUP(A:A,Sheet1!A:A,Sheet1!F:F) -> 41 | E45: =_xlfn.XLOOKUP(A:A,Sheet1!A:A,Sheet1!G:G) -> United Kingdom | F45: =_xlfn.XLOOKUP(A:A,Sheet1!A:A,Sheet1!H:H) -> English | G45: =_xlfn.XLOOKUP(A:A,Sheet1!A:A,Sheet1!I:I) -> Data Analysis | H45: =_xlfn.XLOOKUP(A:A,Sheet1!A:A,Sheet1!K:K) -> 9 | I45: =_xlfn.XLOOKUP(A:A,Sheet1!A:A,Sheet1!M:M) -> 20 | J45: =_xlfn.XLOOKUP(A:A,Sheet1!A:A,Sheet1!O:O) -> 2.8 | K45: =_xlfn.XLOOKUP(A:A,Sheet1!A:A,Sheet1!P:P) -> Yes | L45: =_xlfn.XLOOKUP(A:A,Sheet1!A:A,Sheet1!S:S) -> 0.63
A46: FL250045 | B46: =_xlfn.XLOOKUP(A46,Sheet1!A:A,Sheet1!B:B) -> Michelle Ramirez | C46: =_xlfn.XLOOKUP(A:A,Sheet1!A:A,Sheet1!D:D) -> Female | D46: =_xlfn.XLOOKUP(A:A,Sheet1!A:A,Sheet1!F:F) -> 51 | E46: =_xlfn.XLOOKUP(A:A,Sheet1!A:A,Sheet1!G:G) -> Netherlands | F46: =_xlfn.XLOOKUP(A:A,Sheet1!A:A,Sheet1!H:H) -> Dutch | G46: =_xlfn.XLOOKUP(A:A,Sheet1!A:A,Sheet1!I:I) -> Machine Learning | H46: =_xlfn.XLOOKUP(A:A,Sheet1!A:A,Sheet1!K:K) -> 23 | I46: =_xlfn.XLOOKUP(A:A,Sheet1!A:A,Sheet1!M:M) -> 20 | J46: =_xlfn.XLOOKUP(A:A,Sheet1!A:A,Sheet1!O:O) -> 2.5 | K46: =_xlfn.XLOOKUP(A:A,Sheet1!A:A,Sheet1!P:P) -> No | L46: =_xlfn.XLOOKUP(A:A,Sheet1!A:A,Sheet1!S:S) -> 0.8
A47: FL250046 | B47: =_xlfn.XLOOKUP(A47,Sheet1!A:A,Sheet1!B:B) -> James Brown | C47: =_xlfn.XLOOKUP(A:A,Sheet1!A:A,Sheet1!D:D) -> Male | D47: =_xlfn.XLOOKUP(A:A,Sheet1!A:A,Sheet1!F:F) -> 41 | E47: =_xlfn.XLOOKUP(A:A,Sheet1!A:A,Sheet1!G:G) -> South Africa | F47: =_xlfn.XLOOKUP(A:A,Sheet1!A:A,Sheet1!H:H) -> Afrikaans | G47: =_xlfn.XLOOKUP(A:A,Sheet1!A:A,Sheet1!I:I) -> Web Development | H47: =_xlfn.XLOOKUP(A:A,Sheet1!A:A,Sheet1!K:K) -> 9 | I47: =_xlfn.XLOOKUP(A:A,Sheet1!A:A,Sheet1!M:M) -> 75 | J47: =_xlfn.XLOOKUP(A:A,Sheet1!A:A,Sheet1!O:O) -> 4.9 | K47: =_xlfn.XLOOKUP(A:A,Sheet1!A:A,Sheet1!P:P) -> Yes | L47: =_xlfn.XLOOKUP(A:A,Sheet1!A:A,Sheet1!S:S) -> 0.74
A48: FL250047 | B48: =_xlfn.XLOOKUP(A48,Sheet1!A:A,Sheet1!B:B) -> Samantha Simmons | C48: =_xlfn.XLOOKUP(A:A,Sheet1!A:A,Sheet1!D:D) -> Female | D48: =_xlfn.XLOOKUP(A:A,Sheet1!A:A,Sheet1!F:F) -> 47 | E48: =_xlfn.XLOOKUP(A:A,Sheet1!A:A,Sheet1!G:G) -> Egypt | F48: =_xlfn.XLOOKUP(A:A,Sheet1!A:A,Sheet1!H:H) -> Arabic | G48: =_xlfn.XLOOKUP(A:A,Sheet1!A:A,Sheet1!I:I) -> DevOps | H48: =_xlfn.XLOOKUP(A:A,Sheet1!A:A,Sheet1!K:K) -> 15 | I48: =_xlfn.XLOOKUP(A:A,Sheet1!A:A,Sheet1!M:M) -> 30 | J48: =_xlfn.XLOOKUP(A:A,Sheet1!A:A,Sheet1!O:O) -> 4.5 | K48: =_xlfn.XLOOKUP(A:A,Sheet1!A:A,Sheet1!P:P) -> Yes | L48: =_xlfn.XLOOKUP(A:A,Sheet1!A:A,Sheet1!S:S) -> 0.85
A49: FL250048 | B49: =_xlfn.XLOOKUP(A49,Sheet1!A:A,Sheet1!B:B) -> Chase Mason | C49: =_xlfn.XLOOKUP(A:A,Sheet1!A:A,Sheet1!D:D) -> Male | D49: =_xlfn.XLOOKUP(A:A,Sheet1!A:A,Sheet1!F:F) -> 25 | E49: =_xlfn.XLOOKUP(A:A,Sheet1!A:A,Sheet1!G:G) -> China | F49: =_xlfn.XLOOKUP(A:A,Sheet1!A:A,Sheet1!H:H) -> Mandarin | G49: =_xlfn.XLOOKUP(A:A,Sheet1!A:A,Sheet1!I:I) -> Graphic Design | H49: =_xlfn.XLOOKUP(A:A,Sheet1!A:A,Sheet1!K:K) -> 4 | I49: =_xlfn.XLOOKUP(A:A,Sheet1!A:A,Sheet1!M:M) -> 50 | J49: =_xlfn.XLOOKUP(A:A,Sheet1!A:A,Sheet1!O:O) -> 2.7 | K49: =_xlfn.XLOOKUP(A:A,Sheet1!A:A,Sheet1!P:P) -> No | L49: =_xlfn.XLOOKUP(A:A,Sheet1!A:A,Sheet1!S:S) -> 0.77
A50: FL250049 | B50: =_xlfn.XLOOKUP(A50,Sheet1!A:A,Sheet1!B:B) -> Dominique Ward | C50: =_xlfn.XLOOKUP(A:A,Sheet1!A:A,Sheet1!D:D) -> Female | D50: =_xlfn.XLOOKUP(A:A,Sheet1!A:A,Sheet1!F:F) -> 25 | E50: =_xlfn.XLOOKUP(A:A,Sheet1!A:A,Sheet1!G:G) -> Mexico | F50: =_xlfn.XLOOKUP(A:A,Sheet1!A:A,Sheet1!H:H) -> Spanish | G50: =_xlfn.XLOOKUP(A:A,Sheet1!A:A,Sheet1!I:I) -> Mobile Apps | H50: =_xlfn.XLOOKUP(A:A,Sheet1!A:A,Sheet1!K:K) -> 7 | I50: =_xlfn.XLOOKUP(A:A,Sheet1!A:A,Sheet1!M:M) -> 20 | J50: =_xlfn.XLOOKUP(A:A,Sheet1!A:A,Sheet1!O:O) -> 1.9 | K50: =_xlfn.XLOOKUP(A:A,Sheet1!A:A,Sheet1!P:P) -> No | L50: =_xlfn.XLOOKUP(A:A,Sheet1!A:A,Sheet1!S:S) -> 0.79269417
A51: FL250050 | B51: =_xlfn.XLOOKUP(A51,Sheet1!A:A,Sheet1!B:B) -> Lance Griffin | C51: =_xlfn.XLOOKUP(A:A,Sheet1!A:A,Sheet1!D:D) -> Male | D51: =_xlfn.XLOOKUP(A:A,Sheet1!A:A,Sheet1!F:F) -> 29 | E51: =_xlfn.XLOOKUP(A:A,Sheet1!A:A,Sheet1!G:G) -> Netherlands | F51: =_xlfn.XLOOKUP(A:A,Sheet1!A:A,Sheet1!H:H) -> Dutch | G51: =_xlfn.XLOOKUP(A:A,Sheet1!A:A,Sheet1!I:I) -> UI/UX Design | H51: =_xlfn.XLOOKUP(A:A,Sheet1!A:A,Sheet1!K:K) -> 1 | I51: =_xlfn.XLOOKUP(A:A,Sheet1!A:A,Sheet1!M:M) -> 20 | J51: =_xlfn.XLOOKUP(A:A,Sheet1!A:A,Sheet1!O:O) -> 1.4 | K51: =_xlfn.XLOOKUP(A:A,Sheet1!A:A,Sheet1!P:P) -> Yes | L51: =_xlfn.XLOOKUP(A:A,Sheet1!A:A,Sheet1!S:S) -> 0.63
A52: FL250051 | B52: =_xlfn.XLOOKUP(A52,Sheet1!A:A,Sheet1!B:B) -> Julie Burgess | C52: =_xlfn.XLOOKUP(A:A,Sheet1!A:A,Sheet1!D:D) -> Female | D52: =_xlfn.XLOOKUP(A:A,Sheet1!A:A,Sheet1!F:F) -> 23 | E52: =_xlfn.XLOOKUP(A:A,Sheet1!A:A,Sheet1!G:G) -> Argentina | F52: =_xlfn.XLOOKUP(A:A,Sheet1!A:A,Sheet1!H:H) -> Spanish | G52: =_xlfn.XLOOKUP(A:A,Sheet1!A:A,Sheet1!I:I) -> Cybersecurity | H52: =_xlfn.XLOOKUP(A:A,Sheet1!A:A,Sheet1!K:K) -> 0 | I52: =_xlfn.XLOOKUP(A:A,Sheet1!A:A,Sheet1!M:M) -> 75 | J52: =_xlfn.XLOOKUP(A:A,Sheet1!A:A,Sheet1!O:O) -> 1.9 | K52: =_xlfn.XLOOKUP(A:A,Sheet1!A:A,Sheet1!P:P) -> Yes | L52: =_xlfn.XLOOKUP(A:A,Sheet1!A:A,Sheet1!S:S) -> 0.79
A53: FL250052 | B53: =_xlfn.XLOOKUP(A53,Sheet1!A:A,Sheet1!B:B) -> Don Scott | C53: =_xlfn.XLOOKUP(A:A,Sheet1!A:A,Sheet1!D:D) -> Male | D53: =_xlfn.XLOOKUP(A:A,Sheet1!A:A,Sheet1!F:F) -> 31 | E53: =_xlfn.XLOOKUP(A:A,Sheet1!A:A,Sheet1!G:G) -> France | F53: =_xlfn.XLOOKUP(A:A,Sheet1!A:A,Sheet1!H:H) -> French | G53: =_xlfn.XLOOKUP(A:A,Sheet1!A:A,Sheet1!I:I) -> Data Analysis | H53: =_xlfn.XLOOKUP(A:A,Sheet1!A:A,Sheet1!K:K) -> 8 | I53: =_xlfn.XLOOKUP(A:A,Sheet1!A:A,Sheet1!M:M) -> 50 | J53: =_xlfn.XLOOKUP(A:A,Sheet1!A:A,Sheet1!O:O) -> 3.4 | K53: =_xlfn.XLOOKUP(A:A,Sheet1!A:A,Sheet1!P:P) -> No | L53: =_xlfn.XLOOKUP(A:A,Sheet1!A:A,Sheet1!S:S) -> 0.79269417
A54: FL250053 | B54: =_xlfn.XLOOKUP(A54,Sheet1!A:A,Sheet1!B:B) -> Kyle Atkinson | C54: =_xlfn.XLOOKUP(A:A,Sheet1!A:A,Sheet1!D:D) -> Male | D54: =_xlfn.XLOOKUP(A:A,Sheet1!A:A,Sheet1!F:F) -> 51 | E54: =_xlfn.XLOOKUP(A:A,Sheet1!A:A,Sheet1!G:G) -> Germany | F54: =_xlfn.XLOOKUP(A:A,Sheet1!A:A,Sheet1!H:H) -> German | G54: =_xlfn.XLOOKUP(A:A,Sheet1!A:A,Sheet1!I:I) -> Machine Learning | H54: =_xlfn.XLOOKUP(A:A,Sheet1!A:A,Sheet1!K:K) -> 33 | I54: =_xlfn.XLOOKUP(A:A,Sheet1!A:A,Sheet1!M:M) -> 75 | J54: =_xlfn.XLOOKUP(A:A,Sheet1!A:A,Sheet1!O:O) -> 3.3 | K54: =_xlfn.XLOOKUP(A:A,Sheet1!A:A,Sheet1!P:P) -> No | L54: =_xlfn.XLOOKUP(A:A,Sheet1!A:A,Sheet1!S:S) -> 0.68
A55: FL250054 | B55: =_xlfn.XLOOKUP(A55,Sheet1!A:A,Sheet1!B:B) -> Jimmy Hogan | C55: =_xlfn.XLOOKUP(A:A,Sheet1!A:A,Sheet1!D:D) -> Male | D55: =_xlfn.XLOOKUP(A:A,Sheet1!A:A,Sheet1!F:F) -> 41 | E55: =_xlfn.XLOOKUP(A:A,Sheet1!A:A,Sheet1!G:G) -> Spain | F55: =_xlfn.XLOOKUP(A:A,Sheet1!A:A,Sheet1!H:H) -> Spanish | G55: =_xlfn.XLOOKUP(A:A,Sheet1!A:A,Sheet1!I:I) -> UI/UX Design | H55: =_xlfn.XLOOKUP(A:A,Sheet1!A:A,Sheet1!K:K) -> 1 | I55: =_xlfn.XLOOKUP(A:A,Sheet1!A:A,Sheet1!M:M) -> 30 | J55: 0 | K55: =_xlfn.XLOOKUP(A:A,Sheet1!A:A,Sheet1!P:P) -> No | L55: =_xlfn.XLOOKUP(A:A,Sheet1!A:A,Sheet1!S:S) -> 0.68
A56: FL250055 | B56: =_xlfn.XLOOKUP(A56,Sheet1!A:A,Sheet1!B:B) -> Jennifer Mcintyre | C56: =_xlfn.XLOOKUP(A:A,Sheet1!A:A,Sheet1!D:D) -> Female | D56: =_xlfn.XLOOKUP(A:A,Sheet1!A:A,Sheet1!F:F) -> 29 | E56: =_xlfn.XLOOKUP(A:A,Sheet1!A:A,Sheet1!G:G) -> Turkey | F56: =_xlfn.XLOOKUP(A:A,Sheet1!A:A,Sheet1!H:H) -> Turkish | G56: =_xlfn.XLOOKUP(A:A,Sheet1!A:A,Sheet1!I:I) -> Cybersecurity | H56: =_xlfn.XLOOKUP(A:A,Sheet1!A:A,Sheet1!K:K) -> 11 | I56: =_xlfn.XLOOKUP(A:A,Sheet1!A:A,Sheet1!M:M) -> 100 | J56: =_xlfn.XLOOKUP(A:A,Sheet1!A:A,Sheet1!O:O) -> 2.3 | K56: =_xlfn.XLOOKUP(A:A,Sheet1!A:A,Sheet1!P:P) -> Yes | L56: =_xlfn.XLOOKUP(A:A,Sheet1!A:A,Sheet1!S:S) -> 0.72
A57: FL250056 | B57: =_xlfn.XLOOKUP(A57,Sheet1!A:A,Sheet1!B:B) -> Larry Simpson | C57: =_xlfn.XLOOKUP(A:A,Sheet1!A:A,Sheet1!D:D) -> Male | D57: =_xlfn.XLOOKUP(A:A,Sheet1!A:A,Sheet1!F:F) -> 50 | E57: =_xlfn.XLOOKUP(A:A,Sheet1!A:A,Sheet1!G:G) -> United Kingdom | F57: =_xlfn.XLOOKUP(A:A,Sheet1!A:A,Sheet1!H:H) -> English | G57: =_xlfn.XLOOKUP(A:A,Sheet1!A:A,Sheet1!I:I) -> AI | H57: =_xlfn.XLOOKUP(A:A,Sheet1!A:A,Sheet1!K:K) -> 15 | I57: =_xlfn.XLOOKUP(A:A,Sheet1!A:A,Sheet1!M:M) -> 40 | J57: =_xlfn.XLOOKUP(A:A,Sheet1!A:A,Sheet1!O:O) -> 2 | K57: =_xlfn.XLOOKUP(A:A,Sheet1!A:A,Sheet1!P:P) -> Yes | L57: =_xlfn.XLOOKUP(A:A,Sheet1!A:A,Sheet1!S:S) -> 0.65
A58: FL250057 | B58: =_xlfn.XLOOKUP(A58,Sheet1!A:A,Sheet1!B:B) -> Laura Price | C58: =_xlfn.XLOOKUP(A:A,Sheet1!A:A,Sheet1!D:D) -> Female | D58: =_xlfn.XLOOKUP(A:A,Sheet1!A:A,Sheet1!F:F) -> 26 | E58: =_xlfn.XLOOKUP(A:A,Sheet1!A:A,Sheet1!G:G) -> United Kingdom | F58: =_xlfn.XLOOKUP(A:A,Sheet1!A:A,Sheet1!H:H) -> English | G58: =_xlfn.XLOOKUP(A:A,Sheet1!A:A,Sheet1!I:I) -> DevOps | H58: =_xlfn.XLOOKUP(A:A,Sheet1!A:A,Sheet1!K:K) -> 8 | I58: =_xlfn.XLOOKUP(A:A,Sheet1!A:A,Sheet1!M:M) -> 50 | J58: =_xlfn.XLOOKUP(A:A,Sheet1!A:A,Sheet1!O:O) -> 1.3 | K58: =_xlfn.XLOOKUP(A:A,Sheet1!A:A,Sheet1!P:P) -> No | L58: =_xlfn.XLOOKUP(A:A,Sheet1!A:A,Sheet1!S:S) -> 0.76
A59: FL250058 | B59: =_xlfn.XLOOKUP(A59,Sheet1!A:A,Sheet1!B:B) -> Mark Wright | C59: =_xlfn.XLOOKUP(A:A,Sheet1!A:A,Sheet1!D:D) -> Male | D59: =_xlfn.XLOOKUP(A:A,Sheet1!A:A,Sheet1!F:F) -> 38 | E59: =_xlfn.XLOOKUP(A:A,Sheet1!A:A,Sheet1!G:G) -> Canada | F59: =_xlfn.XLOOKUP(A:A,Sheet1!A:A,Sheet1!H:H) -> English | G59: =_xlfn.XLOOKUP(A:A,Sheet1!A:A,Sheet1!I:I) -> AI | H59: =_xlfn.XLOOKUP(A:A,Sheet1!A:A,Sheet1!K:K) -> 17 | I59: =_xlfn.XLOOKUP(A:A,Sheet1!A:A,Sheet1!M:M) -> 40 | J59: =_xlfn.XLOOKUP(A:A,Sheet1!A:A,Sheet1!O:O) -> 4 | K59: =_xlfn.XLOOKUP(A:A,Sheet1!A:A,Sheet1!P:P) -> Yes | L59: =_xlfn.XLOOKUP(A:A,Sheet1!A:A,Sheet1!S:S) -> 0.9
A60: FL250059 | B60: =_xlfn.XLOOKUP(A60,Sheet1!A:A,Sheet1!B:B) -> Samantha Mcdaniel | C60: =_xlfn.XLOOKUP(A:A,Sheet1!A:A,Sheet1!D:D) -> Female | D60: =_xlfn.XLOOKUP(A:A,Sheet1!A:A,Sheet1!F:F) -> 23 | E60: =_xlfn.XLOOKUP(A:A,Sheet1!A:A,Sheet1!G:G) -> India | F60: =_xlfn.XLOOKUP(A:A,Sheet1!A:A,Sheet1!H:H) -> Hindi | G60: =_xlfn.XLOOKUP(A:A,Sheet1!A:A,Sheet1!I:I) -> Mobile Apps | H60: =_xlfn.XLOOKUP(A:A,Sheet1!A:A,Sheet1!K:K) -> 9 | I60: =_xlfn.XLOOKUP(A:A,Sheet1!A:A,Sheet1!M:M) -> 75 | J60: =_xlfn.XLOOKUP(A:A,Sheet1!A:A,Sheet1!O:O) -> 3.6 | K60: =_xlfn.XLOOKUP(A:A,Sheet1!A:A,Sheet1!P:P) -> Yes | L60: =_xlfn.XLOOKUP(A:A,Sheet1!A:A,Sheet1!S:S) -> 0.65
A61: FL250060 | B61: =_xlfn.XLOOKUP(A61,Sheet1!A:A,Sheet1!B:B) -> Barbara Foster | C61: =_xlfn.XLOOKUP(A:A,Sheet1!A:A,Sheet1!D:D) -> Female | D61: =_xlfn.XLOOKUP(A:A,Sheet1!A:A,Sheet1!F:F) -> 51 | E61: =_xlfn.XLOOKUP(A:A,Sheet1!A:A,Sheet1!G:G) -> South Africa | F61: =_xlfn.XLOOKUP(A:A,Sheet1!A:A,Sheet1!H:H) -> Afrikaans | G61: =_xlfn.XLOOKUP(A:A,Sheet1!A:A,Sheet1!I:I) -> DevOps | H61: =_xlfn.XLOOKUP(A:A,Sheet1!A:A,Sheet1!K:K) -> 28 | I61: =_xlfn.XLOOKUP(A:A,Sheet1!A:A,Sheet1!M:M) -> 40 | J61: =_xlfn.XLOOKUP(A:A,Sheet1!A:A,Sheet1!O:O) -> 3.9 | K61: =_xlfn.XLOOKUP(A:A,Sheet1!A:A,Sheet1!P:P) -> No | L61: =_xlfn.XLOOKUP(A:A,Sheet1!A:A,Sheet1!S:S) -> 0.63
A62: FL250061 | B62: =_xlfn.XLOOKUP(A62,Sheet1!A:A,Sheet1!B:B) -> Courtney Tran | C62: =_xlfn.XLOOKUP(A:A,Sheet1!A:A,Sheet1!D:D) -> Female | D62: =_xlfn.XLOOKUP(A:A,Sheet1!A:A,Sheet1!F:F) -> 51 | E62: =_xlfn.XLOOKUP(A:A,Sheet1!A:A,Sheet1!G:G) -> Indonesia | F62: =_xlfn.XLOOKUP(A:A,Sheet1!A:A,Sheet1!H:H) -> Indonesian | G62: =_xlfn.XLOOKUP(A:A,Sheet1!A:A,Sheet1!I:I) -> AI | H62: =_xlfn.XLOOKUP(A:A,Sheet1!A:A,Sheet1!K:K) -> 33 | I62: =_xlfn.XLOOKUP(A:A,Sheet1!A:A,Sheet1!M:M) -> 75 | J62: 0 | K62: =_xlfn.XLOOKUP(A:A,Sheet1!A:A,Sheet1!P:P) -> Yes | L62: =_xlfn.XLOOKUP(A:A,Sheet1!A:A,Sheet1!S:S) -> 0.79269417
A63: FL250062 | B63: =_xlfn.XLOOKUP(A63,Sheet1!A:A,Sheet1!B:B) -> Eddie Todd | C63: =_xlfn.XLOOKUP(A:A,Sheet1!A:A,Sheet1!D:D) -> Male | D63: =_xlfn.XLOOKUP(A:A,Sheet1!A:A,Sheet1!F:F) -> 47 | E63: =_xlfn.XLOOKUP(A:A,Sheet1!A:A,Sheet1!G:G) -> Germany | F63: =_xlfn.XLOOKUP(A:A,Sheet1!A:A,Sheet1!H:H) -> German | G63: =_xlfn.XLOOKUP(A:A,Sheet1!A:A,Sheet1!I:I) -> AI | H63: =_xlfn.XLOOKUP(A:A,Sheet1!A:A,Sheet1!K:K) -> 18 | I63: =_xlfn.XLOOKUP(A:A,Sheet1!A:A,Sheet1!M:M) -> 75 | J63: 0 | K63: =_xlfn.XLOOKUP(A:A,Sheet1!A:A,Sheet1!P:P) -> No | L63: =_xlfn.XLOOKUP(A:A,Sheet1!A:A,Sheet1!S:S) -> 0.79269417
A64: FL250063 | B64: =_xlfn.XLOOKUP(A64,Sheet1!A:A,Sheet1!B:B) -> Christine Johnson | C64: =_xlfn.XLOOKUP(A:A,Sheet1!A:A,Sheet1!D:D) -> Female | D64: =_xlfn.XLOOKUP(A:A,Sheet1!A:A,Sheet1!F:F) -> 34 | E64: =_xlfn.XLOOKUP(A:A,Sheet1!A:A,Sheet1!G:G) -> Russia | F64: =_xlfn.XLOOKUP(A:A,Sheet1!A:A,Sheet1!H:H) -> Russian | G64: =_xlfn.XLOOKUP(A:A,Sheet1!A:A,Sheet1!I:I) -> UI/UX Design | H64: =_xlfn.XLOOKUP(A:A,Sheet1!A:A,Sheet1!K:K) -> 16 | I64: =_xlfn.XLOOKUP(A:A,Sheet1!A:A,Sheet1!M:M) -> 20 | J64: =_xlfn.XLOOKUP(A:A,Sheet1!A:A,Sheet1!O:O) -> 2.3 | K64: =_xlfn.XLOOKUP(A:A,Sheet1!A:A,Sheet1!P:P) -> Yes | L64: =_xlfn.XLOOKUP(A:A,Sheet1!A:A,Sheet1!S:S) -> 0.93
A65: FL250064 | B65: =_xlfn.XLOOKUP(A65,Sheet1!A:A,Sheet1!B:B) -> Leah Phelps | C65: =_xlfn.XLOOKUP(A:A,Sheet1!A:A,Sheet1!D:D) -> Female | D65: =_xlfn.XLOOKUP(A:A,Sheet1!A:A,Sheet1!F:F) -> 58 | E65: =_xlfn.XLOOKUP(A:A,Sheet1!A:A,Sheet1!G:G) -> Indonesia | F65: =_xlfn.XLOOKUP(A:A,Sheet1!A:A,Sheet1!H:H) -> Indonesian | G65: =_xlfn.XLOOKUP(A:A,Sheet1!A:A,Sheet1!I:I) -> Data Analysis | H65: =_xlfn.XLOOKUP(A:A,Sheet1!A:A,Sheet1!K:K) -> 35 | I65: =_xlfn.XLOOKUP(A:A,Sheet1!A:A,Sheet1!M:M) -> 50 | J65: =_xlfn.XLOOKUP(A:A,Sheet1!A:A,Sheet1!O:O) -> 4.7 | K65: =_xlfn.XLOOKUP(A:A,Sheet1!A:A,Sheet1!P:P) -> No | L65: =_xlfn.XLOOKUP(A:A,Sheet1!A:A,Sheet1!S:S) -> 0.7
A66: FL250065 | B66: =_xlfn.XLOOKUP(A66,Sheet1!A:A,Sheet1!B:B) -> Rebekah Williams | C66: =_xlfn.XLOOKUP(A:A,Sheet1!A:A,Sheet1!D:D) -> Female | D66: =_xlfn.XLOOKUP(A:A,Sheet1!A:A,Sheet1!F:F) -> 50 | E66: =_xlfn.XLOOKUP(A:A,Sheet1!A:A,Sheet1!G:G) -> Russia | F66: =_xlfn.XLOOKUP(A:A,Sheet1!A:A,Sheet1!H:H) -> Russian | G66: =_xlfn.XLOOKUP(A:A,Sheet1!A:A,Sheet1!I:I) -> AI | H66: =_xlfn.XLOOKUP(A:A,Sheet1!A:A,Sheet1!K:K) -> 14 | I66: =_xlfn.XLOOKUP(A:A,Sheet1!A:A,Sheet1!M:M) -> 40 | J66: =_xlfn.XLOOKUP(A:A,Sheet1!A:A,Sheet1!O:O) -> 3.5 | K66: =_xlfn.XLOOKUP(A:A,Sheet1!A:A,Sheet1!P:P) -> Yes | L66: =_xlfn.XLOOKUP(A:A,Sheet1!A:A,Sheet1!S:S) -> 0.83
A67: FL250066 | B67: =_xlfn.XLOOKUP(A67,Sheet1!A:A,Sheet1!B:B) -> Crystal Wilson | C67: =_xlfn.XLOOKUP(A:A,Sheet1!A:A,Sheet1!D:D) -> Female | D67: =_xlfn.XLOOKUP(A:A,Sheet1!A:A,Sheet1!F:F) -> 34 | E67: =_xlfn.XLOOKUP(A:A,Sheet1!A:A,Sheet1!G:G) -> Spain | F67: =_xlfn.XLOOKUP(A:A,Sheet1!A:A,Sheet1!H:H) -> Spanish | G67: =_xlfn.XLOOKUP(A:A,Sheet1!A:A,Sheet1!I:I) -> Web Development | H67: =_xlfn.XLOOKUP(A:A,Sheet1!A:A,Sheet1!K:K) -> 12 | I67: =_xlfn.XLOOKUP(A:A,Sheet1!A:A,Sheet1!M:M) -> 40 | J67: =_xlfn.XLOOKUP(A:A,Sheet1!A:A,Sheet1!O:O) -> 2.4 | K67: =_xlfn.XLOOKUP(A:A,Sheet1!A:A,Sheet1!P:P) -> Yes | L67: =_xlfn.XLOOKUP(A:A,Sheet1!A:A,Sheet1!S:S) -> 0.64
A68: FL250067 | B68: =_xlfn.XLOOKUP(A68,Sheet1!A:A,Sheet1!B:B) -> Ashley Cordova | C68: =_xlfn.XLOOKUP(A:A,Sheet1!A:A,Sheet1!D:D) -> Female | D68: =_xlfn.XLOOKUP(A:A,Sheet1!A:A,Sheet1!F:F) -> 45 | E68: =_xlfn.XLOOKUP(A:A,Sheet1!A:A,Sheet1!G:G) -> Brazil | F68: =_xlfn.XLOOKUP(A:A,Sheet1!A:A,Sheet1!H:H) -> Portuguese | G68: =_xlfn.XLOOKUP(A:A,Sheet1!A:A,Sheet1!I:I) -> AI | H68: =_xlfn.XLOOKUP(A:A,Sheet1!A:A,Sheet1!K:K) -> 11 | I68: =_xlfn.XLOOKUP(A:A,Sheet1!A:A,Sheet1!M:M) -> 75 | J68: =_xlfn.XLOOKUP(A:A,Sheet1!A:A,Sheet1!O:O) -> 4 | K68: =_xlfn.XLOOKUP(A:A,Sheet1!A:A,Sheet1!P:P) -> No | L68: =_xlfn.XLOOKUP(A:A,Sheet1!A:A,Sheet1!S:S) -> 1
A69: FL250068 | B69: =_xlfn.XLOOKUP(A69,Sheet1!A:A,Sheet1!B:B) -> Vicki Kelly | C69: =_xlfn.XLOOKUP(A:A,Sheet1!A:A,Sheet1!D:D) -> Female | D69: =_xlfn.XLOOKUP(A:A,Sheet1!A:A,Sheet1!F:F) -> 55 | E69: =_xlfn.XLOOKUP(A:A,Sheet1!A:A,Sheet1!G:G) -> Brazil | F69: =_xlfn.XLOOKUP(A:A,Sheet1!A:A,Sheet1!H:H) -> Portuguese | G69: =_xlfn.XLOOKUP(A:A,Sheet1!A:A,Sheet1!I:I) -> Web Development | H69: =_xlfn.XLOOKUP(A:A,Sheet1!A:A,Sheet1!K:K) -> 0 | I69: =_xlfn.XLOOKUP(A:A,Sheet1!A:A,Sheet1!M:M) -> 40 | J69: 0 | K69: =_xlfn.XLOOKUP(A:A,Sheet1!A:A,Sheet1!P:P) -> Yes | L69: =_xlfn.XLOOKUP(A:A,Sheet1!A:A,Sheet1!S:S) -> 0.79269417
A70: FL250069 | B70: =_xlfn.XLOOKUP(A70,Sheet1!A:A,Sheet1!B:B) -> Corey Warren | C70: =_xlfn.XLOOKUP(A:A,Sheet1!A:A,Sheet1!D:D) -> Male | D70: =_xlfn.XLOOKUP(A:A,Sheet1!A:A,Sheet1!F:F) -> 41 | E70: =_xlfn.XLOOKUP(A:A,Sheet1!A:A,Sheet1!G:G) -> Argentina | F70: =_xlfn.XLOOKUP(A:A,Sheet1!A:A,Sheet1!H:H) -> Spanish | G70: =_xlfn.XLOOKUP(A:A,Sheet1!A:A,Sheet1!I:I) -> UI/UX Design | H70: =_xlfn.XLOOKUP(A:A,Sheet1!A:A,Sheet1!K:K) -> 6 | I70: =_xlfn.XLOOKUP(A:A,Sheet1!A:A,Sheet1!M:M) -> 100 | J70: =_xlfn.XLOOKUP(A:A,Sheet1!A:A,Sheet1!O:O) -> 1.5 | K70: =_xlfn.XLOOKUP(A:A,Sheet1!A:A,Sheet1!P:P) -> No | L70: =_xlfn.XLOOKUP(A:A,Sheet1!A:A,Sheet1!S:S) -> 0.79269417
A71: FL250070 | B71: =_xlfn.XLOOKUP(A71,Sheet1!A:A,Sheet1!B:B) -> Gina Thompson | C71: =_xlfn.XLOOKUP(A:A,Sheet1!A:A,Sheet1!D:D) -> Female | D71: =_xlfn.XLOOKUP(A:A,Sheet1!A:A,Sheet1!F:F) -> 60 | E71: =_xlfn.XLOOKUP(A:A,Sheet1!A:A,Sheet1!G:G) -> China | F71: =_xlfn.XLOOKUP(A:A,Sheet1!A:A,Sheet1!H:H) -> Mandarin | G71: =_xlfn.XLOOKUP(A:A,Sheet1!A:A,Sheet1!I:I) -> UI/UX Design | H71: =_xlfn.XLOOKUP(A:A,Sheet1!A:A,Sheet1!K:K) -> 38 | I71: =_xlfn.XLOOKUP(A:A,Sheet1!A:A,Sheet1!M:M) -> 20 | J71: =_xlfn.XLOOKUP(A:A,Sheet1!A:A,Sheet1!O:O) -> 2 | K71: =_xlfn.XLOOKUP(A:A,Sheet1!A:A,Sheet1!P:P) -> No | L71: =_xlfn.XLOOKUP(A:A,Sheet1!A:A,Sheet1!S:S) -> 0.71
A72: FL250071 | B72: =_xlfn.XLOOKUP(A72,Sheet1!A:A,Sheet1!B:B) -> Yvonne Berg | C72: =_xlfn.XLOOKUP(A:A,Sheet1!A:A,Sheet1!D:D) -> Female | D72: =_xlfn.XLOOKUP(A:A,Sheet1!A:A,Sheet1!F:F) -> 33 | E72: =_xlfn.XLOOKUP(A:A,Sheet1!A:A,Sheet1!G:G) -> South Africa | F72: =_xlfn.XLOOKUP(A:A,Sheet1!A:A,Sheet1!H:H) -> Afrikaans | G72: =_xlfn.XLOOKUP(A:A,Sheet1!A:A,Sheet1!I:I) -> Mobile Apps | H72: =_xlfn.XLOOKUP(A:A,Sheet1!A:A,Sheet1!K:K) -> 11 | I72: =_xlfn.XLOOKUP(A:A,Sheet1!A:A,Sheet1!M:M) -> 40 | J72: =_xlfn.XLOOKUP(A:A,Sheet1!A:A,Sheet1!O:O) -> 2.5125695 | K72: =_xlfn.XLOOKUP(A:A,Sheet1!A:A,Sheet1!P:P) -> Yes | L72: =_xlfn.XLOOKUP(A:A,Sheet1!A:A,Sheet1!S:S) -> 0.84
A73: FL250072 | B73: =_xlfn.XLOOKUP(A73,Sheet1!A:A,Sheet1!B:B) -> Thomas Miller | C73: =_xlfn.XLOOKUP(A:A,Sheet1!A:A,Sheet1!D:D) -> Male | D73: =_xlfn.XLOOKUP(A:A,Sheet1!A:A,Sheet1!F:F) -> 60 | E73: =_xlfn.XLOOKUP(A:A,Sheet1!A:A,Sheet1!G:G) -> Italy | F73: =_xlfn.XLOOKUP(A:A,Sheet1!A:A,Sheet1!H:H) -> Italian | G73: =_xlfn.XLOOKUP(A:A,Sheet1!A:A,Sheet1!I:I) -> DevOps | H73: =_xlfn.XLOOKUP(A:A,Sheet1!A:A,Sheet1!K:K) -> 13 | I73: =_xlfn.XLOOKUP(A:A,Sheet1!A:A,Sheet1!M:M) -> 50 | J73: =_xlfn.XLOOKUP(A:A,Sheet1!A:A,Sheet1!O:O) -> 1 | K73: =_xlfn.XLOOKUP(A:A,Sheet1!A:A,Sheet1!P:P) -> No | L73: =_xlfn.XLOOKUP(A:A,Sheet1!A:A,Sheet1!S:S) -> 0.79269417
A74: FL250073 | B74: =_xlfn.XLOOKUP(A74,Sheet1!A:A,Sheet1!B:B) -> Nicholas Burton | C74: =_xlfn.XLOOKUP(A:A,Sheet1!A:A,Sheet1!D:D) -> Male | D74: =_xlfn.XLOOKUP(A:A,Sheet1!A:A,Sheet1!F:F) -> 40 | E74: =_xlfn.XLOOKUP(A:A,Sheet1!A:A,Sheet1!G:G) -> United States | F74: =_xlfn.XLOOKUP(A:A,Sheet1!A:A,Sheet1!H:H) -> English | G74: =_xlfn.XLOOKUP(A:A,Sheet1!A:A,Sheet1!I:I) -> Web Development | H74: =_xlfn.XLOOKUP(A:A,Sheet1!A:A,Sheet1!K:K) -> 9 | I74: =_xlfn.XLOOKUP(A:A,Sheet1!A:A,Sheet1!M:M) -> 100 | J74: =_xlfn.XLOOKUP(A:A,Sheet1!A:A,Sheet1!O:O) -> 4.5 | K74: =_xlfn.XLOOKUP(A:A,Sheet1!A:A,Sheet1!P:P) -> Yes | L74: =_xlfn.XLOOKUP(A:A,Sheet1!A:A,Sheet1!S:S) -> 0.69
A75: FL250074 | B75: =_xlfn.XLOOKUP(A75,Sheet1!A:A,Sheet1!B:B) -> Jorge Riley | C75: =_xlfn.XLOOKUP(A:A,Sheet1!A:A,Sheet1!D:D) -> Male | D75: =_xlfn.XLOOKUP(A:A,Sheet1!A:A,Sheet1!F:F) -> 59 | E75: =_xlfn.XLOOKUP(A:A,Sheet1!A:A,Sheet1!G:G) -> Australia | F75: =_xlfn.XLOOKUP(A:A,Sheet1!A:A,Sheet1!H:H) -> English | G75: =_xlfn.XLOOKUP(A:A,Sheet1!A:A,Sheet1!I:I) -> Blockchain Development | H75: =_xlfn.XLOOKUP(A:A,Sheet1!A:A,Sheet1!K:K) -> 4 | I75: =_xlfn.XLOOKUP(A:A,Sheet1!A:A,Sheet1!M:M) -> 40 | J75: =_xlfn.XLOOKUP(A:A,Sheet1!A:A,Sheet1!O:O) -> 1.9 | K75: =_xlfn.XLOOKUP(A:A,Sheet1!A:A,Sheet1!P:P) -> No | L75: =_xlfn.XLOOKUP(A:A,Sheet1!A:A,Sheet1!S:S) -> 0.88
A76: FL250075 | B76: =_xlfn.XLOOKUP(A76,Sheet1!A:A,Sheet1!B:B) -> Melvin Harris | C76: =_xlfn.XLOOKUP(A:A,Sheet1!A:A,Sheet1!D:D) -> Male | D76: =_xlfn.XLOOKUP(A:A,Sheet1!A:A,Sheet1!F:F) -> 36 | E76: =_xlfn.XLOOKUP(A:A,Sheet1!A:A,Sheet1!G:G) -> Italy | F76: =_xlfn.XLOOKUP(A:A,Sheet1!A:A,Sheet1!H:H) -> Italian | G76: =_xlfn.XLOOKUP(A:A,Sheet1!A:A,Sheet1!I:I) -> Machine Learning | H76: =_xlfn.XLOOKUP(A:A,Sheet1!A:A,Sheet1!K:K) -> 14 | I76: =_xlfn.XLOOKUP(A:A,Sheet1!A:A,Sheet1!M:M) -> 100 | J76: =_xlfn.XLOOKUP(A:A,Sheet1!A:A,Sheet1!O:O) -> 3.7 | K76: =_xlfn.XLOOKUP(A:A,Sheet1!A:A,Sheet1!P:P) -> No | L76: =_xlfn.XLOOKUP(A:A,Sheet1!A:A,Sheet1!S:S) -> 0.79269417
A77: FL250076 | B77: =_xlfn.XLOOKUP(A77,Sheet1!A:A,Sheet1!B:B) -> Jeremy Meyer | C77: =_xlfn.XLOOKUP(A:A,Sheet1!A:A,Sheet1!D:D) -> Male | D77: =_xlfn.XLOOKUP(A:A,Sheet1!A:A,Sheet1!F:F) -> 32 | E77: =_xlfn.XLOOKUP(A:A,Sheet1!A:A,Sheet1!G:G) -> India | F77: =_xlfn.XLOOKUP(A:A,Sheet1!A:A,Sheet1!H:H) -> Hindi | G77: =_xlfn.XLOOKUP(A:A,Sheet1!A:A,Sheet1!I:I) -> Data Analysis | H77: =_xlfn.XLOOKUP(A:A,Sheet1!A:A,Sheet1!K:K) -> 9 | I77: =_xlfn.XLOOKUP(A:A,Sheet1!A:A,Sheet1!M:M) -> 30 | J77: =_xlfn.XLOOKUP(A:A,Sheet1!A:A,Sheet1!O:O) -> 1.9 | K77: =_xlfn.XLOOKUP(A:A,Sheet1!A:A,Sheet1!P:P) -> Yes | L77: =_xlfn.XLOOKUP(A:A,Sheet1!A:A,Sheet1!S:S) -> 0.96
A78: FL250077 | B78: =_xlfn.XLOOKUP(A78,Sheet1!A:A,Sheet1!B:B) -> Timothy Lee | C78: =_xlfn.XLOOKUP(A:A,Sheet1!A:A,Sheet1!D:D) -> Male | D78: =_xlfn.XLOOKUP(A:A,Sheet1!A:A,Sheet1!F:F) -> 59 | E78: =_xlfn.XLOOKUP(A:A,Sheet1!A:A,Sheet1!G:G) -> Australia | F78: =_xlfn.XLOOKUP(A:A,Sheet1!A:A,Sheet1!H:H) -> English | G78: =_xlfn.XLOOKUP(A:A,Sheet1!A:A,Sheet1!I:I) -> AI | H78: =_xlfn.XLOOKUP(A:A,Sheet1!A:A,Sheet1!K:K) -> 9 | I78: =_xlfn.XLOOKUP(A:A,Sheet1!A:A,Sheet1!M:M) -> 75 | J78: =_xlfn.XLOOKUP(A:A,Sheet1!A:A,Sheet1!O:O) -> 4 | K78: =_xlfn.XLOOKUP(A:A,Sheet1!A:A,Sheet1!P:P) -> Yes | L78: =_xlfn.XLOOKUP(A:A,Sheet1!A:A,Sheet1!S:S) -> 0.96
A79: FL250078 | B79: =_xlfn.XLOOKUP(A79,Sheet1!A:A,Sheet1!B:B) -> Diana Bautista | C79: =_xlfn.XLOOKUP(A:A,Sheet1!A:A,Sheet1!D:D) -> Female | D79: =_xlfn.XLOOKUP(A:A,Sheet1!A:A,Sheet1!F:F) -> 54 | E79: =_xlfn.XLOOKUP(A:A,Sheet1!A:A,Sheet1!G:G) -> Spain | F79: =_xlfn.XLOOKUP(A:A,Sheet1!A:A,Sheet1!H:H) -> Spanish | G79: =_xlfn.XLOOKUP(A:A,Sheet1!A:A,Sheet1!I:I) -> DevOps | H79: =_xlfn.XLOOKUP(A:A,Sheet1!A:A,Sheet1!K:K) -> 32 | I79: =_xlfn.XLOOKUP(A:A,Sheet1!A:A,Sheet1!M:M) -> 40 | J79: =_xlfn.XLOOKUP(A:A,Sheet1!A:A,Sheet1!O:O) -> 1.8 | K79: =_xlfn.XLOOKUP(A:A,Sheet1!A:A,Sheet1!P:P) -> No | L79: =_xlfn.XLOOKUP(A:A,Sheet1!A:A,Sheet1!S:S) -> 0.79269417
A80: FL250079 | B80: =_xlfn.XLOOKUP(A80,Sheet1!A:A,Sheet1!B:B) -> Leslie Rodriguez | C80: =_xlfn.XLOOKUP(A:A,Sheet1!A:A,Sheet1!D:D) -> Female | D80: =_xlfn.XLOOKUP(A:A,Sheet1!A:A,Sheet1!F:F) -> 37 | E80: =_xlfn.XLOOKUP(A:A,Sheet1!A:A,Sheet1!G:G) -> Canada | F80: =_xlfn.XLOOKUP(A:A,Sheet1!A:A,Sheet1!H:H) -> English | G80: =_xlfn.XLOOKUP(A:A,Sheet1!A:A,Sheet1!I:I) -> Graphic Design | H80: =_xlfn.XLOOKUP(A:A,Sheet1!A:A,Sheet1!K:K) -> 9 | I80: =_xlfn.XLOOKUP(A:A,Sheet1!A:A,Sheet1!M:M) -> 40 | J80: 0 | K80: =_xlfn.XLOOKUP(A:A,Sheet1!A:A,Sheet1!P:P) -> Yes | L80: =_xlfn.XLOOKUP(A:A,Sheet1!A:A,Sheet1!S:S) -> 0.89
A81: FL250080 | B81: =_xlfn.XLOOKUP(A81,Sheet1!A:A,Sheet1!B:B) -> Noah Wiggins | C81: =_xlfn.XLOOKUP(A:A,Sheet1!A:A,Sheet1!D:D) -> Male | D81: =_xlfn.XLOOKUP(A:A,Sheet1!A:A,Sheet1!F:F) -> 54 | E81: =_xlfn.XLOOKUP(A:A,Sheet1!A:A,Sheet1!G:G) -> India | F81: =_xlfn.XLOOKUP(A:A,Sheet1!A:A,Sheet1!H:H) -> Hindi | G81: =_xlfn.XLOOKUP(A:A,Sheet1!A:A,Sheet1!I:I) -> Machine Learning | H81: =_xlfn.XLOOKUP(A:A,Sheet1!A:A,Sheet1!K:K) -> 21 | I81: =_xlfn.XLOOKUP(A:A,Sheet1!A:A,Sheet1!M:M) -> 100 | J81: =_xlfn.XLOOKUP(A:A,Sheet1!A:A,Sheet1!O:O) -> 4.6 | K81: =_xlfn.XLOOKUP(A:A,Sheet1!A:A,Sheet1!P:P) -> No | L81: =_xlfn.XLOOKUP(A:A,Sheet1!A:A,Sheet1!S:S) -> 0.79269417
A82: FL250081 | B82: =_xlfn.XLOOKUP(A82,Sheet1!A:A,Sheet1!B:B) -> Bridget Williams | C82: =_xlfn.XLOOKUP(A:A,Sheet1!A:A,Sheet1!D:D) -> Female | D82: =_xlfn.XLOOKUP(A:A,Sheet1!A:A,Sheet1!F:F) -> 33 | E82: =_xlfn.XLOOKUP(A:A,Sheet1!A:A,Sheet1!G:G) -> Argentina | F82: =_xlfn.XLOOKUP(A:A,Sheet1!A:A,Sheet1!H:H) -> Spanish | G82: =_xlfn.XLOOKUP(A:A,Sheet1!A:A,Sheet1!I:I) -> UI/UX Design | H82: =_xlfn.XLOOKUP(A:A,Sheet1!A:A,Sheet1!K:K) -> 12 | I82: =_xlfn.XLOOKUP(A:A,Sheet1!A:A,Sheet1!M:M) -> 100 | J82: =_xlfn.XLOOKUP(A:A,Sheet1!A:A,Sheet1!O:O) -> 3.6 | K82: =_xlfn.XLOOKUP(A:A,Sheet1!A:A,Sheet1!P:P) -> No | L82: =_xlfn.XLOOKUP(A:A,Sheet1!A:A,Sheet1!S:S) -> 0.63
A83: FL250082 | B83: =_xlfn.XLOOKUP(A83,Sheet1!A:A,Sheet1!B:B) -> Veronica Baker | C83: =_xlfn.XLOOKUP(A:A,Sheet1!A:A,Sheet1!D:D) -> Female | D83: =_xlfn.XLOOKUP(A:A,Sheet1!A:A,Sheet1!F:F) -> 25 | E83: =_xlfn.XLOOKUP(A:A,Sheet1!A:A,Sheet1!G:G) -> Egypt | F83: =_xlfn.XLOOKUP(A:A,Sheet1!A:A,Sheet1!H:H) -> Arabic | G83: =_xlfn.XLOOKUP(A:A,Sheet1!A:A,Sheet1!I:I) -> Web Development | H83: =_xlfn.XLOOKUP(A:A,Sheet1!A:A,Sheet1!K:K) -> 7 | I83: =_xlfn.XLOOKUP(A:A,Sheet1!A:A,Sheet1!M:M) -> 40 | J83: =_xlfn.XLOOKUP(A:A,Sheet1!A:A,Sheet1!O:O) -> 4.4 | K83: =_xlfn.XLOOKUP(A:A,Sheet1!A:A,Sheet1!P:P) -> No | L83: =_xlfn.XLOOKUP(A:A,Sheet1!A:A,Sheet1!S:S) -> 0.81
A84: FL250083 | B84: =_xlfn.XLOOKUP(A84,Sheet1!A:A,Sheet1!B:B) -> Andrew Avila | C84: =_xlfn.XLOOKUP(A:A,Sheet1!A:A,Sheet1!D:D) -> Male | D84: =_xlfn.XLOOKUP(A:A,Sheet1!A:A,Sheet1!F:F) -> 41 | E84: =_xlfn.XLOOKUP(A:A,Sheet1!A:A,Sheet1!G:G) -> China | F84: =_xlfn.XLOOKUP(A:A,Sheet1!A:A,Sheet1!H:H) -> Mandarin | G84: =_xlfn.XLOOKUP(A:A,Sheet1!A:A,Sheet1!I:I) -> DevOps | H84: =_xlfn.XLOOKUP(A:A,Sheet1!A:A,Sheet1!K:K) -> 3 | I84: =_xlfn.XLOOKUP(A:A,Sheet1!A:A,Sheet1!M:M) -> 40 | J84: =_xlfn.XLOOKUP(A:A,Sheet1!A:A,Sheet1!O:O) -> 4.6 | K84: =_xlfn.XLOOKUP(A:A,Sheet1!A:A,Sheet1!P:P) -> No | L84: =_xlfn.XLOOKUP(A:A,Sheet1!A:A,Sheet1!S:S) -> 0.74
A85: FL250084 | B85: =_xlfn.XLOOKUP(A85,Sheet1!A:A,Sheet1!B:B) -> Michael Roberson | C85: =_xlfn.XLOOKUP(A:A,Sheet1!A:A,Sheet1!D:D) -> Male | D85: =_xlfn.XLOOKUP(A:A,Sheet1!A:A,Sheet1!F:F) -> 35 | E85: =_xlfn.XLOOKUP(A:A,Sheet1!A:A,Sheet1!G:G) -> South Korea | F85: =_xlfn.XLOOKUP(A:A,Sheet1!A:A,Sheet1!H:H) -> Korean | G85: =_xlfn.XLOOKUP(A:A,Sheet1!A:A,Sheet1!I:I) -> Web Development | H85: =_xlfn.XLOOKUP(A:A,Sheet1!A:A,Sheet1!K:K) -> 5 | I85: =_xlfn.XLOOKUP(A:A,Sheet1!A:A,Sheet1!M:M) -> 75 | J85: =_xlfn.XLOOKUP(A:A,Sheet1!A:A,Sheet1!O:O) -> 3.2 | K85: =_xlfn.XLOOKUP(A:A,Sheet1!A:A,Sheet1!P:P) -> No | L85: =_xlfn.XLOOKUP(A:A,Sheet1!A:A,Sheet1!S:S) -> 0.72
A86: FL250085 | B86: =_xlfn.XLOOKUP(A86,Sheet1!A:A,Sheet1!B:B) -> Austin Jenkins | C86: =_xlfn.XLOOKUP(A:A,Sheet1!A:A,Sheet1!D:D) -> Male | D86: =_xlfn.XLOOKUP(A:A,Sheet1!A:A,Sheet1!F:F) -> 59 | E86: =_xlfn.XLOOKUP(A:A,Sheet1!A:A,Sheet1!G:G) -> South Korea | F86: =_xlfn.XLOOKUP(A:A,Sheet1!A:A,Sheet1!H:H) -> Korean | G86: =_xlfn.XLOOKUP(A:A,Sheet1!A:A,Sheet1!I:I) -> AI | H86: =_xlfn.XLOOKUP(A:A,Sheet1!A:A,Sheet1!K:K) -> 30 | I86: =_xlfn.XLOOKUP(A:A,Sheet1!A:A,Sheet1!M:M) -> 40 | J86: 0 | K86: =_xlfn.XLOOKUP(A:A,Sheet1!A:A,Sheet1!P:P) -> Yes | L86: =_xlfn.XLOOKUP(A:A,Sheet1!A:A,Sheet1!S:S) -> 0.79269417
A87: FL250086 | B87: =_xlfn.XLOOKUP(A87,Sheet1!A:A,Sheet1!B:B) -> Brenda Green | C87: =_xlfn.XLOOKUP(A:A,Sheet1!A:A,Sheet1!D:D) -> Female | D87: =_xlfn.XLOOKUP(A:A,Sheet1!A:A,Sheet1!F:F) -> 21 | E87: =_xlfn.XLOOKUP(A:A,Sheet1!A:A,Sheet1!G:G) -> China | F87: =_xlfn.XLOOKUP(A:A,Sheet1!A:A,Sheet1!H:H) -> Mandarin | G87: =_xlfn.XLOOKUP(A:A,Sheet1!A:A,Sheet1!I:I) -> DevOps | H87: =_xlfn.XLOOKUP(A:A,Sheet1!A:A,Sheet1!K:K) -> 2 | I87: =_xlfn.XLOOKUP(A:A,Sheet1!A:A,Sheet1!M:M) -> 100 | J87: =_xlfn.XLOOKUP(A:A,Sheet1!A:A,Sheet1!O:O) -> 2.6 | K87: =_xlfn.XLOOKUP(A:A,Sheet1!A:A,Sheet1!P:P) -> Yes | L87: =_xlfn.XLOOKUP(A:A,Sheet1!A:A,Sheet1!S:S) -> 0.85
A88: FL250087 | B88: =_xlfn.XLOOKUP(A88,Sheet1!A:A,Sheet1!B:B) -> Samuel Pierce | C88: =_xlfn.XLOOKUP(A:A,Sheet1!A:A,Sheet1!D:D) -> Male | D88: =_xlfn.XLOOKUP(A:A,Sheet1!A:A,Sheet1!F:F) -> 25 | E88: =_xlfn.XLOOKUP(A:A,Sheet1!A:A,Sheet1!G:G) -> United States | F88: =_xlfn.XLOOKUP(A:A,Sheet1!A:A,Sheet1!H:H) -> English | G88: =_xlfn.XLOOKUP(A:A,Sheet1!A:A,Sheet1!I:I) -> Mobile Apps | H88: =_xlfn.XLOOKUP(A:A,Sheet1!A:A,Sheet1!K:K) -> 2 | I88: =_xlfn.XLOOKUP(A:A,Sheet1!A:A,Sheet1!M:M) -> 75 | J88: =_xlfn.XLOOKUP(A:A,Sheet1!A:A,Sheet1!O:O) -> 3.7 | K88: =_xlfn.XLOOKUP(A:A,Sheet1!A:A,Sheet1!P:P) -> No | L88: =_xlfn.XLOOKUP(A:A,Sheet1!A:A,Sheet1!S:S) -> 0.79269417
A89: FL250088 | B89: =_xlfn.XLOOKUP(A89,Sheet1!A:A,Sheet1!B:B) -> Briana Smith | C89: =_xlfn.XLOOKUP(A:A,Sheet1!A:A,Sheet1!D:D) -> Female | D89: =_xlfn.XLOOKUP(A:A,Sheet1!A:A,Sheet1!F:F) -> 38 | E89: =_xlfn.XLOOKUP(A:A,Sheet1!A:A,Sheet1!G:G) -> Mexico | F89: =_xlfn.XLOOKUP(A:A,Sheet1!A:A,Sheet1!H:H) -> Spanish | G89: =_xlfn.XLOOKUP(A:A,Sheet1!A:A,Sheet1!I:I) -> Web Development | H89: =_xlfn.XLOOKUP(A:A,Sheet1!A:A,Sheet1!K:K) -> 19 | I89: =_xlfn.XLOOKUP(A:A,Sheet1!A:A,Sheet1!M:M) -> 75 | J89: =_xlfn.XLOOKUP(A:A,Sheet1!A:A,Sheet1!O:O) -> 2.3 | K89: =_xlfn.XLOOKUP(A:A,Sheet1!A:A,Sheet1!P:P) -> No | L89: =_xlfn.XLOOKUP(A:A,Sheet1!A:A,Sheet1!S:S) -> 0.61
A90: FL250089 | B90: =_xlfn.XLOOKUP(A90,Sheet1!A:A,Sheet1!B:B) -> Ronald Barrett | C90: =_xlfn.XLOOKUP(A:A,Sheet1!A:A,Sheet1!D:D) -> Male | D90: =_xlfn.XLOOKUP(A:A,Sheet1!A:A,Sheet1!F:F) -> 57 | E90: =_xlfn.XLOOKUP(A:A,Sheet1!A:A,Sheet1!G:G) -> Russia | F90: =_xlfn.XLOOKUP(A:A,Sheet1!A:A,Sheet1!H:H) -> Russian | G90: =_xlfn.XLOOKUP(A:A,Sheet1!A:A,Sheet1!I:I) -> AI | H90: =_xlfn.XLOOKUP(A:A,Sheet1!A:A,Sheet1!K:K) -> 16 | I90: =_xlfn.XLOOKUP(A:A,Sheet1!A:A,Sheet1!M:M) -> 100 | J90: =_xlfn.XLOOKUP(A:A,Sheet1!A:A,Sheet1!O:O) -> 3.1 | K90: =_xlfn.XLOOKUP(A:A,Sheet1!A:A,Sheet1!P:P) -> No | L90: =_xlfn.XLOOKUP(A:A,Sheet1!A:A,Sheet1!S:S) -> 0.79269417
A91: FL250090 | B91: =_xlfn.XLOOKUP(A91,Sheet1!A:A,Sheet1!B:B) -> Matthew Smith | C91: =_xlfn.XLOOKUP(A:A,Sheet1!A:A,Sheet1!D:D) -> Male | D91: =_xlfn.XLOOKUP(A:A,Sheet1!A:A,Sheet1!F:F) -> 32 | E91: =_xlfn.XLOOKUP(A:A,Sheet1!A:A,Sheet1!G:G) -> India | F91: =_xlfn.XLOOKUP(A:A,Sheet1!A:A,Sheet1!H:H) -> Hindi | G91: =_xlfn.XLOOKUP(A:A,Sheet1!A:A,Sheet1!I:I) -> Mobile Apps | H91: =_xlfn.XLOOKUP(A:A,Sheet1!A:A,Sheet1!K:K) -> 10 | I91: =_xlfn.XLOOKUP(A:A,Sheet1!A:A,Sheet1!M:M) -> 20 | J91: =_xlfn.XLOOKUP(A:A,Sheet1!A:A,Sheet1!O:O) -> 2.4 | K91: =_xlfn.XLOOKUP(A:A,Sheet1!A:A,Sheet1!P:P) -> No | L91: =_xlfn.XLOOKUP(A:A,Sheet1!A:A,Sheet1!S:S) -> 0.86
A92: FL250091 | B92: =_xlfn.XLOOKUP(A92,Sheet1!A:A,Sheet1!B:B) -> Logan Huang | C92: =_xlfn.XLOOKUP(A:A,Sheet1!A:A,Sheet1!D:D) -> Male | D92: =_xlfn.XLOOKUP(A:A,Sheet1!A:A,Sheet1!F:F) -> 21 | E92: =_xlfn.XLOOKUP(A:A,Sheet1!A:A,Sheet1!G:G) -> Italy | F92: =_xlfn.XLOOKUP(A:A,Sheet1!A:A,Sheet1!H:H) -> Italian | G92: =_xlfn.XLOOKUP(A:A,Sheet1!A:A,Sheet1!I:I) -> DevOps | H92: =_xlfn.XLOOKUP(A:A,Sheet1!A:A,Sheet1!K:K) -> 2 | I92: =_xlfn.XLOOKUP(A:A,Sheet1!A:A,Sheet1!M:M) -> 100 | J92: =_xlfn.XLOOKUP(A:A,Sheet1!A:A,Sheet1!O:O) -> 1.6 | K92: =_xlfn.XLOOKUP(A:A,Sheet1!A:A,Sheet1!P:P) -> Yes | L92: =_xlfn.XLOOKUP(A:A,Sheet1!A:A,Sheet1!S:S) -> 0.97
A93: FL250092 | B93: =_xlfn.XLOOKUP(A93,Sheet1!A:A,Sheet1!B:B) -> Miranda Hutchinson | C93: =_xlfn.XLOOKUP(A:A,Sheet1!A:A,Sheet1!D:D) -> Female | D93: =_xlfn.XLOOKUP(A:A,Sheet1!A:A,Sheet1!F:F) -> 57 | E93: =_xlfn.XLOOKUP(A:A,Sheet1!A:A,Sheet1!G:G) -> Canada | F93: =_xlfn.XLOOKUP(A:A,Sheet1!A:A,Sheet1!H:H) -> English | G93: =_xlfn.XLOOKUP(A:A,Sheet1!A:A,Sheet1!I:I) -> Cybersecurity | H93: =_xlfn.XLOOKUP(A:A,Sheet1!A:A,Sheet1!K:K) -> 18 | I93: =_xlfn.XLOOKUP(A:A,Sheet1!A:A,Sheet1!M:M) -> 50 | J93: =_xlfn.XLOOKUP(A:A,Sheet1!A:A,Sheet1!O:O) -> 2.4 | K93: =_xlfn.XLOOKUP(A:A,Sheet1!A:A,Sheet1!P:P) -> Yes | L93: =_xlfn.XLOOKUP(A:A,Sheet1!A:A,Sheet1!S:S) -> 0.63
A94: FL250093 | B94: =_xlfn.XLOOKUP(A94,Sheet1!A:A,Sheet1!B:B) -> Paul Richardson | C94: =_xlfn.XLOOKUP(A:A,Sheet1!A:A,Sheet1!D:D) -> Male | D94: =_xlfn.XLOOKUP(A:A,Sheet1!A:A,Sheet1!F:F) -> 53 | E94: =_xlfn.XLOOKUP(A:A,Sheet1!A:A,Sheet1!G:G) -> China | F94: =_xlfn.XLOOKUP(A:A,Sheet1!A:A,Sheet1!H:H) -> Mandarin | G94: =_xlfn.XLOOKUP(A:A,Sheet1!A:A,Sheet1!I:I) -> UI/UX Design | H94: =_xlfn.XLOOKUP(A:A,Sheet1!A:A,Sheet1!K:K) -> 21 | I94: =_xlfn.XLOOKUP(A:A,Sheet1!A:A,Sheet1!M:M) -> 100 | J94: =_xlfn.XLOOKUP(A:A,Sheet1!A:A,Sheet1!O:O) -> 2.5125695 | K94: =_xlfn.XLOOKUP(A:A,Sheet1!A:A,Sheet1!P:P) -> Yes | L94: =_xlfn.XLOOKUP(A:A,Sheet1!A:A,Sheet1!S:S) -> 0.97
A95: FL250094 | B95: =_xlfn.XLOOKUP(A95,Sheet1!A:A,Sheet1!B:B) -> Jose Jones | C95: =_xlfn.XLOOKUP(A:A,Sheet1!A:A,Sheet1!D:D) -> Male | D95: =_xlfn.XLOOKUP(A:A,Sheet1!A:A,Sheet1!F:F) -> 35 | E95: =_xlfn.XLOOKUP(A:A,Sheet1!A:A,Sheet1!G:G) -> Russia | F95: =_xlfn.XLOOKUP(A:A,Sheet1!A:A,Sheet1!H:H) -> Russian | G95: =_xlfn.XLOOKUP(A:A,Sheet1!A:A,Sheet1!I:I) -> Blockchain Development | H95: =_xlfn.XLOOKUP(A:A,Sheet1!A:A,Sheet1!K:K) -> 3 | I95: =_xlfn.XLOOKUP(A:A,Sheet1!A:A,Sheet1!M:M) -> 30 | J95: =_xlfn.XLOOKUP(A:A,Sheet1!A:A,Sheet1!O:O) -> 3.8 | K95: =_xlfn.XLOOKUP(A:A,Sheet1!A:A,Sheet1!P:P) -> Yes | L95: =_xlfn.XLOOKUP(A:A,Sheet1!A:A,Sheet1!S:S) -> 0.81
A96: FL250095 | B96: =_xlfn.XLOOKUP(A96,Sheet1!A:A,Sheet1!B:B) -> Denise Smith | C96: =_xlfn.XLOOKUP(A:A,Sheet1!A:A,Sheet1!D:D) -> Female | D96: =_xlfn.XLOOKUP(A:A,Sheet1!A:A,Sheet1!F:F) -> 54 | E96: =_xlfn.XLOOKUP(A:A,Sheet1!A:A,Sheet1!G:G) -> China | F96: =_xlfn.XLOOKUP(A:A,Sheet1!A:A,Sheet1!H:H) -> Mandarin | G96: =_xlfn.XLOOKUP(A:A,Sheet1!A:A,Sheet1!I:I) -> Machine Learning | H96: =_xlfn.XLOOKUP(A:A,Sheet1!A:A,Sheet1!K:K) -> 17 | I96: =_xlfn.XLOOKUP(A:A,Sheet1!A:A,Sheet1!M:M) -> 20 | J96: =_xlfn.XLOOKUP(A:A,Sheet1!A:A,Sheet1!O:O) -> 1.7 | K96: =_xlfn.XLOOKUP(A:A,Sheet1!A:A,Sheet1!P:P) -> No | L96: =_xlfn.XLOOKUP(A:A,Sheet1!A:A,Sheet1!S:S) -> 0.69
A97: FL250096 | B97: =_xlfn.XLOOKUP(A97,Sheet1!A:A,Sheet1!B:B) -> Shelby Mcmahon | C97: =_xlfn.XLOOKUP(A:A,Sheet1!A:A,Sheet1!D:D) -> Female | D97: =_xlfn.XLOOKUP(A:A,Sheet1!A:A,Sheet1!F:F) -> 36 | E97: =_xlfn.XLOOKUP(A:A,Sheet1!A:A,Sheet1!G:G) -> Italy | F97: =_xlfn.XLOOKUP(A:A,Sheet1!A:A,Sheet1!H:H) -> Italian | G97: =_xlfn.XLOOKUP(A:A,Sheet1!A:A,Sheet1!I:I) -> UI/UX Design | H97: =_xlfn.XLOOKUP(A:A,Sheet1!A:A,Sheet1!K:K) -> 0 | I97: =_xlfn.XLOOKUP(A:A,Sheet1!A:A,Sheet1!M:M) -> 20 | J97: =_xlfn.XLOOKUP(A:A,Sheet1!A:A,Sheet1!O:O) -> 1.3 | K97: =_xlfn.XLOOKUP(A:A,Sheet1!A:A,Sheet1!P:P) -> Yes | L97: =_xlfn.XLOOKUP(A:A,Sheet1!A:A,Sheet1!S:S) -> 0.64
A98: FL250097 | B98: =_xlfn.XLOOKUP(A98,Sheet1!A:A,Sheet1!B:B) -> Bethany Wright | C98: =_xlfn.XLOOKUP(A:A,Sheet1!A:A,Sheet1!D:D) -> Female | D98: =_xlfn.XLOOKUP(A:A,Sheet1!A:A,Sheet1!F:F) -> 49 | E98: =_xlfn.XLOOKUP(A:A,Sheet1!A:A,Sheet1!G:G) -> Spain | F98: =_xlfn.XLOOKUP(A:A,Sheet1!A:A,Sheet1!H:H) -> Spanish | G98: =_xlfn.XLOOKUP(A:A,Sheet1!A:A,Sheet1!I:I) -> Cybersecurity | H98: =_xlfn.XLOOKUP(A:A,Sheet1!A:A,Sheet1!K:K) -> 25 | I98: =_xlfn.XLOOKUP(A:A,Sheet1!A:A,Sheet1!M:M) -> 50 | J98: =_xlfn.XLOOKUP(A:A,Sheet1!A:A,Sheet1!O:O) -> 5 | K98: =_xlfn.XLOOKUP(A:A,Sheet1!A:A,Sheet1!P:P) -> No | L98: =_xlfn.XLOOKUP(A:A,Sheet1!A:A,Sheet1!S:S) -> 0.77
... A107: FL250106 | B107: =_xlfn.XLOOKUP(A107,Sheet1!A:A,Sheet1!B:B) -> Jasmin Ho | C107: =_xlfn.XLOOKUP(A:A,Sheet1!A:A,Sheet1!D:D) -> Female | D107: =_xlfn.XLOOKUP(A:A,Sheet1!A:A,Sheet1!F:F) -> 57 | E107: =_xlfn.XLOOKUP(A:A,Sheet1!A:A,Sheet1!G:G) -> France | F107: =_xlfn.XLOOKUP(A:A,Sheet1!A:A,Sheet1!H:H) -> French | G107: =_xlfn.XLOOKUP(A:A,Sheet1!A:A,Sheet1!I:I) -> DevOps | H107: =_xlfn.XLOOKUP(A:A,Sheet1!A:A,Sheet1!K:K) -> 21 | I107: =_xlfn.XLOOKUP(A:A,Sheet1!A:A,Sheet1!M:M) -> 40 | J107: =_xlfn.XLOOKUP(A:A,Sheet1!A:A,Sheet1!O:O) -> 2.5 | K107: =_xlfn.XLOOKUP(A:A,Sheet1!A:A,Sheet1!P:P) -> No | L107: =_xlfn.XLOOKUP(A:A,Sheet1!A:A,Sheet1!S:S) -> 0.77
A108: FL250107 | B108: =_xlfn.XLOOKUP(A108,Sheet1!A:A,Sheet1!B:B) -> Mark Paul | C108: =_xlfn.XLOOKUP(A:A,Sheet1!A:A,Sheet1!D:D) -> Male | D108: =_xlfn.XLOOKUP(A:A,Sheet1!A:A,Sheet1!F:F) -> 58 | E108: =_xlfn.XLOOKUP(A:A,Sheet1!A:A,Sheet1!G:G) -> Russia | F108: =_xlfn.XLOOKUP(A:A,Sheet1!A:A,Sheet1!H:H) -> Russian | G108: =_xlfn.XLOOKUP(A:A,Sheet1!A:A,Sheet1!I:I) -> Blockchain Development | H108: =_xlfn.XLOOKUP(A:A,Sheet1!A:A,Sheet1!K:K) -> 3 | I108: =_xlfn.XLOOKUP(A:A,Sheet1!A:A,Sheet1!M:M) -> 40 | J108: 0 | K108: =_xlfn.XLOOKUP(A:A,Sheet1!A:A,Sheet1!P:P) -> Yes | L108: =_xlfn.XLOOKUP(A:A,Sheet1!A:A,Sheet1!S:S) -> 0.79269417
A109: FL250108 | B109: =_xlfn.XLOOKUP(A109,Sheet1!A:A,Sheet1!B:B) -> Jennifer Lewis | C109: =_xlfn.XLOOKUP(A:A,Sheet1!A:A,Sheet1!D:D) -> Female | D109: =_xlfn.XLOOKUP(A:A,Sheet1!A:A,Sheet1!F:F) -> 45 | E109: =_xlfn.XLOOKUP(A:A,Sheet1!A:A,Sheet1!G:G) -> Indonesia | F109: =_xlfn.XLOOKUP(A:A,Sheet1!A:A,Sheet1!H:H) -> Indonesian | G109: =_xlfn.XLOOKUP(A:A,Sheet1!A:A,Sheet1!I:I) -> Mobile Apps | H109: =_xlfn.XLOOKUP(A:A,Sheet1!A:A,Sheet1!K:K) -> 19 | I109: =_xlfn.XLOOKUP(A:A,Sheet1!A:A,Sheet1!M:M) -> 40 | J109: =_xlfn.XLOOKUP(A:A,Sheet1!A:A,Sheet1!O:O) -> 2.5125695 | K109: =_xlfn.XLOOKUP(A:A,Sheet1!A:A,Sheet1!P:P) -> Yes | L109: =_xlfn.XLOOKUP(A:A,Sheet1!A:A,Sheet1!S:S) -> 0.72
A110: FL250109 | B110: =_xlfn.XLOOKUP(A110,Sheet1!A:A,Sheet1!B:B) -> Elizabeth Lester | C110: =_xlfn.XLOOKUP(A:A,Sheet1!A:A,Sheet1!D:D) -> Female | D110: =_xlfn.XLOOKUP(A:A,Sheet1!A:A,Sheet1!F:F) -> 23 | E110: =_xlfn.XLOOKUP(A:A,Sheet1!A:A,Sheet1!G:G) -> United States | F110: =_xlfn.XLOOKUP(A:A,Sheet1!A:A,Sheet1!H:H) -> English | G110: =_xlfn.XLOOKUP(A:A,Sheet1!A:A,Sheet1!I:I) -> Web Development | H110: =_xlfn.XLOOKUP(A:A,Sheet1!A:A,Sheet1!K:K) -> 0 | I110: =_xlfn.XLOOKUP(A:A,Sheet1!A:A,Sheet1!M:M) -> 20 | J110: =_xlfn.XLOOKUP(A:A,Sheet1!A:A,Sheet1!O:O) -> 4.7 | K110: =_xlfn.XLOOKUP(A:A,Sheet1!A:A,Sheet1!P:P) -> Yes | L110: =_xlfn.XLOOKUP(A:A,Sheet1!A:A,Sheet1!S:S) -> 0.6
A111: FL250110 | B111: =_xlfn.XLOOKUP(A111,Sheet1!A:A,Sheet1!B:B) -> Kimberly Griffin | C111: =_xlfn.XLOOKUP(A:A,Sheet1!A:A,Sheet1!D:D) -> Female | D111: =_xlfn.XLOOKUP(A:A,Sheet1!A:A,Sheet1!F:F) -> 46 | E111: =_xlfn.XLOOKUP(A:A,Sheet1!A:A,Sheet1!G:G) -> United States | F111: =_xlfn.XLOOKUP(A:A,Sheet1!A:A,Sheet1!H:H) -> English | G111: =_xlfn.XLOOKUP(A:A,Sheet1!A:A,Sheet1!I:I) -> AI | H111: =_xlfn.XLOOKUP(A:A,Sheet1!A:A,Sheet1!K:K) -> 9 | I111: =_xlfn.XLOOKUP(A:A,Sheet1!A:A,Sheet1!M:M) -> 30 | J111: =_xlfn.XLOOKUP(A:A,Sheet1!A:A,Sheet1!O:O) -> 3.5 | K111: =_xlfn.XLOOKUP(A:A,Sheet1!A:A,Sheet1!P:P) -> No | L111: =_xlfn.XLOOKUP(A:A,Sheet1!A:A,Sheet1!S:S) -> 0.72
A112: FL250111 | B112: =_xlfn.XLOOKUP(A112,Sheet1!A:A,Sheet1!B:B) -> Tyler Warner | C112: =_xlfn.XLOOKUP(A:A,Sheet1!A:A,Sheet1!D:D) -> Male | D112: =_xlfn.XLOOKUP(A:A,Sheet1!A:A,Sheet1!F:F) -> 27 | E112: =_xlfn.XLOOKUP(A:A,Sheet1!A:A,Sheet1!G:G) -> Argentina | F112: =_xlfn.XLOOKUP(A:A,Sheet1!A:A,Sheet1!H:H) -> Spanish | G112: =_xlfn.XLOOKUP(A:A,Sheet1!A:A,Sheet1!I:I) -> UI/UX Design | H112: =_xlfn.XLOOKUP(A:A,Sheet1!A:A,Sheet1!K:K) -> 5 | I112: =_xlfn.XLOOKUP(A:A,Sheet1!A:A,Sheet1!M:M) -> 30 | J112: =_xlfn.XLOOKUP(A:A,Sheet1!A:A,Sheet1!O:O) -> 2.5125695 | K112: =_xlfn.XLOOKUP(A:A,Sheet1!A:A,Sheet1!P:P) -> No | L112: =_xlfn.XLOOKUP(A:A,Sheet1!A:A,Sheet1!S:S) -> 0.92
A113: FL250112 | B113: =_xlfn.XLOOKUP(A113,Sheet1!A:A,Sheet1!B:B) -> Jane Cox | C113: =_xlfn.XLOOKUP(A:A,Sheet1!A:A,Sheet1!D:D) -> Female | D113: =_xlfn.XLOOKUP(A:A,Sheet1!A:A,Sheet1!F:F) -> 32 | E113: =_xlfn.XLOOKUP(A:A,Sheet1!A:A,Sheet1!G:G) -> United States | F113: =_xlfn.XLOOKUP(A:A,Sheet1!A:A,Sheet1!H:H) -> English | G113: =_xlfn.XLOOKUP(A:A,Sheet1!A:A,Sheet1!I:I) -> Machine Learning | H113: =_xlfn.XLOOKUP(A:A,Sheet1!A:A,Sheet1!K:K) -> 6 | I113: =_xlfn.XLOOKUP(A:A,Sheet1!A:A,Sheet1!M:M) -> 50 | J113: =_xlfn.XLOOKUP(A:A,Sheet1!A:A,Sheet1!O:O) -> 3.4 | K113: =_xlfn.XLOOKUP(A:A,Sheet1!A:A,Sheet1!P:P) -> Yes | L113: =_xlfn.XLOOKUP(A:A,Sheet1!A:A,Sheet1!S:S) -> 0.79269417
A114: FL250113 | B114: =_xlfn.XLOOKUP(A114,Sheet1!A:A,Sheet1!B:B) -> Leah Williams | C114: =_xlfn.XLOOKUP(A:A,Sheet1!A:A,Sheet1!D:D) -> Female | D114: =_xlfn.XLOOKUP(A:A,Sheet1!A:A,Sheet1!F:F) -> 48 | E114: =_xlfn.XLOOKUP(A:A,Sheet1!A:A,Sheet1!G:G) -> Argentina | F114: =_xlfn.XLOOKUP(A:A,Sheet1!A:A,Sheet1!H:H) -> Spanish | G114: =_xlfn.XLOOKUP(A:A,Sheet1!A:A,Sheet1!I:I) -> Machine Learning | H114: =_xlfn.XLOOKUP(A:A,Sheet1!A:A,Sheet1!K:K) -> 6 | I114: =_xlfn.XLOOKUP(A:A,Sheet1!A:A,Sheet1!M:M) -> 75 | J114: =_xlfn.XLOOKUP(A:A,Sheet1!A:A,Sheet1!O:O) -> 2.5 | K114: =_xlfn.XLOOKUP(A:A,Sheet1!A:A,Sheet1!P:P) -> No | L114: =_xlfn.XLOOKUP(A:A,Sheet1!A:A,Sheet1!S:S) -> 0.92
A115: FL250114 | B115: =_xlfn.XLOOKUP(A115,Sheet1!A:A,Sheet1!B:B) -> Kevin Wong | C115: =_xlfn.XLOOKUP(A:A,Sheet1!A:A,Sheet1!D:D) -> Male | D115: =_xlfn.XLOOKUP(A:A,Sheet1!A:A,Sheet1!F:F) -> 30 | E115: =_xlfn.XLOOKUP(A:A,Sheet1!A:A,Sheet1!G:G) -> Turkey | F115: =_xlfn.XLOOKUP(A:A,Sheet1!A:A,Sheet1!H:H) -> Turkish | G115: =_xlfn.XLOOKUP(A:A,Sheet1!A:A,Sheet1!I:I) -> Mobile Apps | H115: =_xlfn.XLOOKUP(A:A,Sheet1!A:A,Sheet1!K:K) -> 3 | I115: =_xlfn.XLOOKUP(A:A,Sheet1!A:A,Sheet1!M:M) -> 30 | J115: =_xlfn.XLOOKUP(A:A,Sheet1!A:A,Sheet1!O:O) -> 1.1 | K115: =_xlfn.XLOOKUP(A:A,Sheet1!A:A,Sheet1!P:P) -> Yes | L115: =_xlfn.XLOOKUP(A:A,Sheet1!A:A,Sheet1!S:S) -> 0.79269417
A116: FL250115 | B116: =_xlfn.XLOOKUP(A116,Sheet1!A:A,Sheet1!B:B) -> Robert Andrews | C116: =_xlfn.XLOOKUP(A:A,Sheet1!A:A,Sheet1!D:D) -> Male | D116: =_xlfn.XLOOKUP(A:A,Sheet1!A:A,Sheet1!F:F) -> 59 | E116: =_xlfn.XLOOKUP(A:A,Sheet1!A:A,Sheet1!G:G) -> Turkey | F116: =_xlfn.XLOOKUP(A:A,Sheet1!A:A,Sheet1!H:H) -> Turkish | G116: =_xlfn.XLOOKUP(A:A,Sheet1!A:A,Sheet1!I:I) -> AI | H116: =_xlfn.XLOOKUP(A:A,Sheet1!A:A,Sheet1!K:K) -> 13 | I116: =_xlfn.XLOOKUP(A:A,Sheet1!A:A,Sheet1!M:M) -> 20 | J116: =_xlfn.XLOOKUP(A:A,Sheet1!A:A,Sheet1!O:O) -> 4.8 | K116: =_xlfn.XLOOKUP(A:A,Sheet1!A:A,Sheet1!P:P) -> No | L116: =_xlfn.XLOOKUP(A:A,Sheet1!A:A,Sheet1!S:S) -> 0.79269417
A117: FL250116 | B117: =_xlfn.XLOOKUP(A117,Sheet1!A:A,Sheet1!B:B) -> Jessica Torres | C117: =_xlfn.XLOOKUP(A:A,Sheet1!A:A,Sheet1!D:D) -> Female | D117: =_xlfn.XLOOKUP(A:A,Sheet1!A:A,Sheet1!F:F) -> 32 | E117: =_xlfn.XLOOKUP(A:A,Sheet1!A:A,Sheet1!G:G) -> Mexico | F117: =_xlfn.XLOOKUP(A:A,Sheet1!A:A,Sheet1!H:H) -> Spanish | G117: =_xlfn.XLOOKUP(A:A,Sheet1!A:A,Sheet1!I:I) -> AI | H117: =_xlfn.XLOOKUP(A:A,Sheet1!A:A,Sheet1!K:K) -> 5 | I117: =_xlfn.XLOOKUP(A:A,Sheet1!A:A,Sheet1!M:M) -> 30 | J117: =_xlfn.XLOOKUP(A:A,Sheet1!A:A,Sheet1!O:O) -> 2.5125695 | K117: =_xlfn.XLOOKUP(A:A,Sheet1!A:A,Sheet1!P:P) -> No | L117: =_xlfn.XLOOKUP(A:A,Sheet1!A:A,Sheet1!S:S) -> 0.86
A118: FL250117 | B118: =_xlfn.XLOOKUP(A118,Sheet1!A:A,Sheet1!B:B) -> Teresa Kim | C118: =_xlfn.XLOOKUP(A:A,Sheet1!A:A,Sheet1!D:D) -> Female | D118: =_xlfn.XLOOKUP(A:A,Sheet1!A:A,Sheet1!F:F) -> 57 | E118: =_xlfn.XLOOKUP(A:A,Sheet1!A:A,Sheet1!G:G) -> Egypt | F118: =_xlfn.XLOOKUP(A:A,Sheet1!A:A,Sheet1!H:H) -> Arabic | G118: =_xlfn.XLOOKUP(A:A,Sheet1!A:A,Sheet1!I:I) -> UI/UX Design | H118: =_xlfn.XLOOKUP(A:A,Sheet1!A:A,Sheet1!K:K) -> 4 | I118: =_xlfn.XLOOKUP(A:A,Sheet1!A:A,Sheet1!M:M) -> 40 | J118: =_xlfn.XLOOKUP(A:A,Sheet1!A:A,Sheet1!O:O) -> 3.4 | K118: =_xlfn.XLOOKUP(A:A,Sheet1!A:A,Sheet1!P:P) -> Yes | L118: =_xlfn.XLOOKUP(A:A,Sheet1!A:A,Sheet1!S:S) -> 0.68
...

Sheet Pivot Table
A1: Row Labels | B1: Average of Rating | D1: Row Labels | E1: Count of Freelancer_ID | G1: Row Labels | H1: Count of Freelancer_ID
A2: AI | B2: 2.4273826 | D2: 0 | E2: 72 | G2: 20 | H2: 142
A3: Blockchain Development | B3: 2.3823889 | D3: 1 | E3: 64 | G3: 30 | H3: 150
A4: Cybersecurity | B4: 2.475734 | D4: 2 | E4: 67 | G4: 40 | H4: 265
A5: Data Analysis | B5: 2.4356843 | D5: 3 | E5: 51 | G5: 50 | H5: 152
A6: DevOps | B6: 2.7867243 | D6: 4 | E6: 49 | G6: 75 | H6: 134
A7: Graphic Design | B7: 2.5107587 | D7: 5 | E7: 37 | G7: 100 | H7: 157
A8: Machine Learning | B8: 2.5688232 | D8: 6 | E8: 40 | G8: Grand Total | H8: 1000
A9: Mobile Apps | B9: 2.5421678 | D9: 7 | E9: 30
A10: UI/UX Design | B10: 2.5229409 | D10: 8 | E10: 37
A11: Web Development | B11: 2.4435163 | D11: 9 | E11: 88 | G11: Row Labels | H11: Average of Hourly Rate (USD)
A12: Grand Total | B12: 2.5125695 | D12: 10 | E12: 36 | G12: AI | H12: 51.35
D13: 11 | E13: 43 | G13: Blockchain Development | H13: 49.047619
D14: 12 | E14: 26 | G14: Cybersecurity | H14: 53.197674
A15: Row Labels | B15: Count of Freelancer_ID | D15: 13 | E15: 36 | G15: Data Analysis | H15: 51.25
A16: Afrikaans | B16: 44 | D16: 14 | E16: 25 | G16: DevOps | H16: 52.723214
A17: Arabic | B17: 42 | D17: 15 | E17: 28 | G17: Graphic Design | H17: 48.548387
A18: Dutch | B18: 51 | D18: 16 | E18: 15 | G18: Machine Learning | H18: 51.55914
A19: English | B19: 215 | D19: 17 | E19: 21 | G19: Mobile Apps | H19: 50.490196
A20: French | B20: 44 | D20: 18 | E20: 19 | G20: UI/UX Design | H20: 51.788991
A21: German | B21: 52 | D21: 19 | E21: 18 | G21: Web Development | H21: 52.884615
A22: Hindi | B22: 45 | D22: 20 | E22: 21 | G22: Grand Total | H22: 51.29
A23: Indonesian | B23: 46 | D23: 21 | E23: 29
A24: Italian | B24: 42 | D24: 22 | E24: 22 | G24: Row Labels | H24: Count of Freelancer_ID
A25: Japanese | B25: 37 | D25: 23 | E25: 10 | G25: Argentina | H25: 47
A26: Korean | B26: 68 | D26: 24 | E26: 11 | G26: Australia | H26: 51
A27: Mandarin | B27: 49 | D27: 25 | E27: 9 | G27: Brazil | H27: 31
A28: Portuguese | B28: 31 | D28: 26 | E28: 5 | G28: Canada | H28: 65
A29: Russian | B29: 47 | D29: 27 | E29: 7 | G29: China | H29: 49
A30: Spanish | B30: 142 | D30: 28 | E30: 10 | G30: Egypt | H30: 42
A31: Turkish | B31: 45 | D31: 29 | E31: 8 | G31: France | H31: 44
A32: Grand Total | B32: 1000 | D32: 30 | E32: 11 | G32: Germany | H32: 52
D33: 31 | E33: 6 | G33: India | H33: 45
D34: 32 | E34: 10 | G34: Indonesia | H34: 46
D35: 33 | E35: 13 | G35: Italy | H35: 42
D36: 34 | E36: 6 | G36: Japan | H36: 37
D37: 35 | E37: 5 | G37: Mexico | H37: 50
D38: 37 | E38: 5 | G38: Netherlands | H38: 51
D39: 38 | E39: 1 | G39: Russia | H39: 47
D40: 39 | E40: 4 | G40: South Africa | H40: 44
D41: 40 | E41: 4 | G41: South Korea | H41: 68
D42: 41 | E42: 1 | G42: Spain | H42: 45
D43: Grand Total | E43: 1000 | G43: Turkey | H43: 45
G44: United Kingdom | H44: 50
G45: United States | H45: 49
G46: Grand Total | H46: 1000
